,id,url,title,parkCode,abstract,image,relatedParks,relatedOrganizations,latitude,longitude,geometryPoiId,releaseDate,credit,lastIndexedDate
0,BAD90C9C-9F94-43E1-904C-45DFED9F0A2F,https://www.nps.gov/voya/learn/news/-paddle-picnic-play-at-voyageurs-national-park-on-public-lands-day-september-24-2022.htm,"‘Paddle, Picnic, Play’ at Voyageurs National Park on Public Lands Day, September 24, 2022",voya,"Join us for a day of free, family-friendly programming outside and on the water at the Rainy Lake Visitor Center in Voyageurs National Park!","{'url': '', 'credit': '', 'altText': '', 'title': '', 'description': '', 'caption': ''}","[{'states': 'MN', 'parkCode': 'voya', 'designation': 'National Park', 'fullName': 'Voyageurs National Park', 'url': 'https://www.nps.gov/voya/index.htm', 'name': 'Voyageurs'}]",[],,,,2022-09-08 14:39:00.0,,2022-09-08 15:43:57.0
1,5464B646-4045-4000-80B3-FE9A93917F13,https://www.nps.gov/cuis/learn/news/cumberland-island-national-seashore-mainland-museum-temporarily-closed-for-curatorial-renovations.htm,Cumberland Island National Seashore Mainland Museum temporarily closed for curatorial renovations,cuis,"The Cumberland Island Mainland Museum will be closed due to renovation starting September 12, 2022.","{'url': '', 'credit': '', 'altText': '', 'title': '', 'description': '', 'caption': ''}","[{'states': 'GA', 'parkCode': 'cuis', 'designation': 'National Seashore', 'fullName': 'Cumberland Island National Seashore', 'url': 'https://www.nps.gov/cuis/index.htm', 'name': 'Cumberland Island'}]",[],,,,2022-09-08 12:40:00.0,,2022-09-08 14:34:39.0
2,EDEB5321-FE82-41F1-A780-EC8D3BF9FD8D,https://www.nps.gov/hatu/learn/news/harriet-tubman-underground-railroad-national-historical-park-to-host-their-first-spirituals-and-gospel-event-september-24.htm,Harriet Tubman Underground Railroad National Historical Park to host a Spirituals and Gospel event September 24,hatu,"On Sept. 24, the Harriet Tubman Underground Railroad National Historical Park will present the program “From Spirituals to Blues and Gospel: The History of a Multi-Century Musical Evolution.” The free musical event will be held at Greater Refuge Temple Church of God, 800 Robbins Street in Cambridge, Md., 21613, from 2:00 p.m. to 5:00 p.m.","{'url': 'https://www.nps.gov/hatu/learn/news/images/Untitled-3_2.jpg', 'credit': 'NPS Photo', 'altText': 'Spirituals and Gospel Event', 'title': 'Spirituals and Gospel Event', 'description': '', 'caption': 'From Spirituals to Blues and Gospel: The History of a Multi-Century Musical Evolution'}","[{'states': 'MD', 'parkCode': 'hatu', 'designation': 'National Historical Park', 'fullName': 'Harriet Tubman Underground Railroad National Historical Park', 'url': 'https://www.nps.gov/hatu/index.htm', 'name': 'Harriet Tubman Underground Railroad'}]",[],,,,2022-09-08 12:33:00.0,,2022-09-08 12:44:16.0
3,A04D6AFA-66B9-4436-9933-B965D7C7BECF,https://www.nps.gov/noca/learn/news/increased-fire-activity-on-the-chilliwack-complex.htm,Increased Fire Activity on the Chilliwack Complex,noca,"There is increased fire activity on the Chilliwack Complex due to Wednesday’s weather event with increased winds and low humidity throughout the area. Two of the four lightning-caused fires (Copper Lake and Brush Creek Fire) experienced growth and will likely merge into one fire in the Copper Loop and Whatcom Pass areas of North Cascades National Park Service Complex. An additional fire, Little Beaver Creek Fire, was detected and is estimated at one quarter acre. The Chilliwack Complex is estimated 4,538 acres.","{'url': '', 'credit': '', 'altText': '', 'title': '', 'description': '', 'caption': ''}","[{'states': 'WA', 'parkCode': 'noca', 'designation': 'National Park', 'fullName': 'North Cascades National Park', 'url': 'https://www.nps.gov/noca/index.htm', 'name': 'North Cascades'}]",[],,,,2022-09-08 12:33:00.0,,2022-09-08 15:40:45.0
4,89B9F858-112C-42D4-8C85-FBB6743BABAD,https://www.nps.gov/poch/learn/news/national-park-service-hosts-virtual-author-talk.htm,National Park Service Hosts Virtual Author Talk,poch,"Concord, Calif. – The National Park Service, in collaboration with Author Steve Sheinkin, invites you to join a Virtual Author Talk on September 27, 2022, at 6 p.m. The program will consist of a virtual presentation about the events at Port Chicago followed by a Q & A session with Steve Sheinkin and NPS Park Rangers.","{'url': '', 'credit': '', 'altText': '', 'title': '', 'description': '', 'caption': ''}","[{'states': 'CA', 'parkCode': 'poch', 'designation': 'National Memorial', 'fullName': 'Port Chicago Naval Magazine National Memorial', 'url': 'https://www.nps.gov/poch/index.htm', 'name': 'Port Chicago Naval Magazine'}]",[],,,,2022-09-08 11:44:00.0,,2022-09-08 14:55:29.0
5,D92086AB-4F42-4EA9-8D1E-4A05148994A5,https://www.nps.gov/chch/learn/news/cyclistjailedinbattlefield2022.htm,Local Cyclist Jailed After Committing Battery in Chickamauga Battlefield,chch,"On July 12, 2022, National Park Service law enforcement rangers responded to a physical altercation report along Glenn-Kelly Road. The incident involved a local cyclist who rode his bicycle around posted and signed barricades into a major road construction zone.","{'url': '', 'credit': '', 'altText': '', 'title': '', 'description': '', 'caption': ''}","[{'states': 'GA,TN', 'parkCode': 'chch', 'designation': 'National Military Park', 'fullName': 'Chickamauga & Chattanooga National Military Park', 'url': 'https://www.nps.gov/chch/index.htm', 'name': 'Chickamauga & Chattanooga'}]",[],,,,2022-09-08 11:04:00.0,,2022-09-08 11:06:46.0
6,F5F76C32-94F6-461C-9AD6-30DDCB963018,https://www.nps.gov/ozar/learn/news/fall-hiking-events-begin-september-17-at-ozark-national-scenic-riverways.htm,Fall hiking events begin September 17 at Ozark National Scenic Riverways,ozar,"VAN BUREN, Mo. - Join us at Ozark National Scenic Riverways for a variety of hiking opportunities this fall! All activities and events are free of charge and pre-registration is not required.","{'url': 'https://www.nps.gov/ozar/learn/news/images/270424553_283801553776958_4708540318838378620_n.jpg', 'credit': 'NPS Photo', 'altText': 'A group of hikers with a park ranger in the fall woods', 'title': '270424553_2838015ss53776958_4708540318838378620_n', 'description': '', 'caption': 'Join the adventure during the fall hiking series at Ozark National Scenic Riverways.'}","[{'states': 'MO', 'parkCode': 'ozar', 'designation': 'National Scenic Riverways', 'fullName': 'Ozark National Scenic Riverways', 'url': 'https://www.nps.gov/ozar/index.htm', 'name': 'Ozark'}]",[],,,,2022-09-08 10:41:00.0,,2022-09-08 11:48:12.0
7,06E2D82C-2F2C-49C5-97B0-36414D3271B5,https://www.nps.gov/yose/learn/news/yosemite-fire-update-for-september-8-2022.htm,"Yosemite Fire Update for September 8, 2022",yose,Updated information on the five fires currently burning within Yosemite National Park.,"{'url': '', 'credit': '', 'altText': '', 'title': '', 'description': '', 'caption': ''}","[{'states': 'CA', 'parkCode': 'yose', 'designation': 'National Park', 'fullName': 'Yosemite National Park', 'url': 'https://www.nps.gov/yose/index.htm', 'name': 'Yosemite'}]",[],,,,2022-09-08 10:26:00.0,,2022-09-08 14:51:13.0
8,E3150818-571C-461A-838A-4EB35FA74C7D,https://www.nps.gov/biso/learn/news/park-staff-conduct-major-renovations-to-yahoo-falls-picnic-area.htm,Park Staff Conduct Major Renovations to Yahoo Falls Picnic Area,biso,"Park staff have completed the repair and rehabilitation of Yahoo Falls Picnic Area. Fifteen picnic sites received fresh gravel pads, new picnic tables and cooking grills. Trails leading to each site were also resurfaced. Parking areas at each picnic site were repaired and the large picnic pavilion was repaired and painted. The picnic table fire rings, grills, seating, and picnic tables were all replaced.","{'url': 'https://www.nps.gov/biso/learn/news/images/DSC_0032_3.JPG', 'credit': 'NPS', 'altText': 'DSC_0032', 'title': 'DSC_0032', 'description': '', 'caption': 'Yahoo Falls Picnic Pavilion'}","[{'states': 'KY,TN', 'parkCode': 'biso', 'designation': 'National River & Recreation Area', 'fullName': 'Big South Fork National River & Recreation Area', 'url': 'https://www.nps.gov/biso/index.htm', 'name': 'Big South Fork'}]",[],,,,2022-09-08 09:30:00.0,,2022-09-08 09:37:27.0
9,052191CE-6FBE-485F-B8F1-DF33247E27C8,https://www.nps.gov/maca/learn/news/mammoth-cave-just-got-a-little-more-mammoth.htm,Mammoth Cave just got a little more “Mammoth”,maca,Mammoth Cave is officially six miles longer. The new additions bring the total length of the cave to 426 miles. The announcement comes during the park’s 50th Anniversary celebration of the Flint Ridge-Mammoth Cave connection which earned Mammoth Cave the title of longest cave in the world.,"{'url': 'https://www.nps.gov/maca/learn/news/images/Maelstrom-Winkler-climbing-RAO.jpg', 'credit': 'Rick Olson', 'altText': 'A person holds herself up on a long rope in a rocky, jagged cave with water streaming next to her.', 'title': 'A member of the Cave Research Foundation rappels into a pit inside Mammoth Cave.', 'description': '', 'caption': 'A member of the Cave Research Foundation rappels into a pit inside Mammoth Cave.'}","[{'states': 'KY', 'parkCode': 'maca', 'designation': 'National Park', 'fullName': 'Mammoth Cave National Park', 'url': 'https://www.nps.gov/maca/index.htm', 'name': 'Mammoth Cave'}]",[],,,,2022-09-08 08:30:00.0,,2022-09-08 15:10:45.0
10,266CC879-3B5A-4798-A4D4-A6BCC3A973B8,https://www.nps.gov/hosp/learn/news/happy-hollow-to-undergo-maintenance.htm,Cold Water Jug Fountain at Hot Springs National Park to Temporarily Shut Down for Maintenance,hosp,"Beginning Monday, September 12 and continuing through Wednesday, September 14, the cold spring water jug fountain located on Fountain Street will be temporarily out of service for maintenance upgrades.","{'url': '', 'credit': '', 'altText': '', 'title': '', 'description': '', 'caption': ''}","[{'states': 'AR', 'parkCode': 'hosp', 'designation': 'National Park', 'fullName': 'Hot Springs National Park', 'url': 'https://www.nps.gov/hosp/index.htm', 'name': 'Hot Springs'}]",[],,,,2022-09-08 08:24:00.0,,2022-09-08 09:25:56.0
11,69E21534-91A9-442F-B365-FF58DF9C84EA,https://www.nps.gov/cebe/learn/news/cebe-fac-meeting-2022-09.htm,Park Federal Advisory Commission Meets on September 15,cebe,"The next meeting of the Cedar Creek and Belle Grove National Historical Park Advisory Commission will be on Thursday, September 15, 2022, from 9 to 11 a.m. The committee will meet at Town Hall, 174 East King Street in Strasburg, Virginia.","{'url': '', 'credit': '', 'altText': '', 'title': '', 'description': '', 'caption': ''}","[{'states': 'VA', 'parkCode': 'cebe', 'designation': 'National Historical Park', 'fullName': 'Cedar Creek & Belle Grove National Historical Park', 'url': 'https://www.nps.gov/cebe/index.htm', 'name': 'Cedar Creek & Belle Grove'}]",[],,,105efa8d-3d30-457d-a01c-5787a9025695,2022-09-08 08:00:00.0,,2022-09-08 10:06:53.0
12,30E65CFD-7FE9-4956-920E-0AD765F325C3,https://www.nps.gov/kefj/learn/news/bear-glacier-glacial-lake-outburst-flood-9-7-22.htm,Bear Glacier: Glacial Lake Outburst Flood,kefj,"Flood conditions are expected in the lagoon at the terminus of Bear Glacier. Based on photographs from a remote camera and observations by a local flight seeing company, it appears that an ice-dammed lake located 7 mi above the terminus of Bear Glacier began draining around September 6, 2022.","{'url': '', 'credit': '', 'altText': '', 'title': '', 'description': '', 'caption': ''}","[{'states': 'AK', 'parkCode': 'kefj', 'designation': 'National Park', 'fullName': 'Kenai Fjords National Park', 'url': 'https://www.nps.gov/kefj/index.htm', 'name': 'Kenai Fjords'}]",[],,,,2022-09-07 16:28:00.0,,2022-09-07 20:32:39.0
13,0C499D47-95A0-4DBE-9C80-7284DB8ACDDA,https://www.nps.gov/spar/learn/news/naturalization-ceremony-at-springfield-armory.htm,200 Citizenship candidates to take Oath of Allegiance,spar,"SPRINGFIELD, Mass. – U.S. Citizenship and Immigration Services (USCIS), will hold a naturalization ceremony at Springfield Armory National Historic Site, One Armory Square, at 11:00 am on Thursday, September 15, 2022.  U.S. District Judge Katherine A. Robertson will preside and the Clerk of the Court will administer the Oath of Allegiance to 200 new citizens representing 72 nationalities, and 64 Massachusetts municipalities.","{'url': 'https://www.nps.gov/spar/learn/news/images/Naturalization-Ceremony-Springfield-Armory.jpg', 'credit': 'NPS', 'altText': 'Two smiling people wave miniature American flags. One person is waving.', 'title': 'Naturalization Ceremony Springfield Armory', 'description': '', 'caption': 'Welcome!'}","[{'states': 'MA', 'parkCode': 'spar', 'designation': 'National Historic Site', 'fullName': 'Springfield Armory National Historic Site', 'url': 'https://www.nps.gov/spar/index.htm', 'name': 'Springfield Armory'}]",[],,,,2022-09-07 16:06:00.0,,2022-09-07 16:24:27.0
14,319F6C2D-0785-4E69-B7CA-B778A50EE497,https://www.nps.gov/blca/learn/news/black-canyon-astronomy-festival-september-22-through-24-2022.htm,"Black Canyon Astronomy Festival September 22 through 24, 2022",blca,"Come celebrate the starry night skies of Black Canyon of the Gunnison National Park (Black Canyon). The park’s annual astronomy festival, known as AstroFest, will take place Thursday, September 22 through Saturday, September 24.","{'url': 'https://www.nps.gov/blca/learn/news/images/ty-karlovetz.jpg', 'credit': 'NPS/Ty Karlovetz', 'altText': 'looking past a silhouetted pinyon pine at the Milky Galaxy filling the night sky.', 'title': 'Come celebrate the starry night skies of Black Canyon of the Gunnison National Park (Black Canyon). The park’s annual astronomy festival, known as AstroFest, will take place Thursday, September 22 through Saturday, September 24.', 'description': '', 'caption': ""The park's annual astronomy festival, known as AstroFest, will take place Thursday, September 22 through Saturday, September 24.""}","[{'states': 'CO', 'parkCode': 'blca', 'designation': 'National Park', 'fullName': 'Black Canyon Of The Gunnison National Park', 'url': 'https://www.nps.gov/blca/index.htm', 'name': 'Black Canyon Of The Gunnison'}]",[],,,,2022-09-07 14:40:00.0,,2022-09-07 21:48:13.0
15,8E31AB3F-7E37-45BA-A0A4-BA31F158B7A2,https://www.nps.gov/yose/learn/news/yosemite-fire-update-for-september-7-2022.htm,"Yosemite Fire Update for September 7, 2022",yose,"There are now multiple active wildfires in Yosemite National Park. A Type 2 Incident Management Team, CA Interagency Incident Management Team 10, has arrived in Yosemite to assist with a potential increase in initial attack, logistical needs, and operations of these fires. Firefighter and public safety continue to be one of our main priorities. ","{'url': '', 'credit': '', 'altText': '', 'title': '', 'description': '', 'caption': ''}","[{'states': 'CA', 'parkCode': 'yose', 'designation': 'National Park', 'fullName': 'Yosemite National Park', 'url': 'https://www.nps.gov/yose/index.htm', 'name': 'Yosemite'}]",[],,,,2022-09-07 14:07:00.0,,2022-09-07 17:07:35.0
16,F030CAB1-8060-46CD-834F-D1E77F9FAB90,https://www.nps.gov/natr/learn/news/2022-09-07-labor-day-checkpoints.htm,Traffic safety checkpoints stop impaired drivers over Labor Day,natr,"In an effort to make Labor Day weekend safer for national park visitors, Natchez Trace Parkway rangers and other local law enforcement agencies conducted a series of traffic safety checkpoints over the weekend. The checkpoints resulted in ten arrests for impaired driving.","{'url': 'https://www.nps.gov/natr/learn/news/images/IMG_63362.jpg', 'credit': 'NPS Photo', 'altText': 'White car is stopped on a tree-lined road where Park Rangers approach for traffic safety checkpoint', 'title': '2022 Labor Day Traffic Safety Checkpoint', 'description': '', 'caption': 'Natchez Trace Parkway conducted traffic safety checkpoints over Labor Day weekend.'}","[{'states': 'AL,MS,TN', 'parkCode': 'natr', 'designation': 'Parkway', 'fullName': 'Natchez Trace Parkway', 'url': 'https://www.nps.gov/natr/index.htm', 'name': 'Natchez Trace'}]",[],,,,2022-09-07 13:36:00.0,,2022-09-08 09:35:17.0
17,AC641432-C3B5-43C3-BBE8-0BE8B63E2386,https://www.nps.gov/indu/learn/news/50-events-during-this-weekend-s-indiana-dunes-festival.htm,Chellberg Fun just One of 50 Events during this Weekend’s Indiana Dunes Festival,indu,"Spend this weekend in nature, or history, at the Indiana Dunes Outdoor Adventure Festival. Hike, kayak, bike, or learn about geo-caching, photography, birding, and more.","{'url': 'https://www.nps.gov/indu/learn/news/images/OAF-Banner-Web-2022_2.jpg', 'credit': '', 'altText': 'Outdoor Adventure Festival Banner 2022', 'title': 'Outdoor Adventure Festival Banner 2022', 'description': '', 'caption': ''}","[{'states': 'IN', 'parkCode': 'indu', 'designation': 'National Park', 'fullName': 'Indiana Dunes National Park', 'url': 'https://www.nps.gov/indu/index.htm', 'name': 'Indiana Dunes'}]",[],,,,2022-09-07 12:12:00.0,,2022-09-07 14:21:34.0
18,32A17198-09BF-4EDB-A8D2-D71299084405,https://www.nps.gov/mora/learn/news/september-7-2022-cloud-formation-over-mount-rainier.htm,"September 7, 2022 Cloud Formation NOT a New Vent On Mount Rainier",mora,"This morning, September 7, people in the greater Seattle metro area saw what appeared to be venting on the mountain, a video of which was then shared on social media.  A new vent has NOT opened on the volcano. ","{'url': 'https://www.nps.gov/mora/learn/news/images/schurman.jpg', 'credit': '', 'altText': 'An icy mount slope with a cloud formation above.', 'title': 'Camp Schurman webcam photo taken 9/7/2022, 11', 'description': '', 'caption': ''}","[{'states': 'WA', 'parkCode': 'mora', 'designation': 'National Park', 'fullName': 'Mount Rainier National Park', 'url': 'https://www.nps.gov/mora/index.htm', 'name': 'Mount Rainier'}]",[],,,,2022-09-07 12:01:00.0,,2022-09-07 15:14:32.0
19,69389BD5-CD9E-4CDD-8834-AA95A594C428,https://www.nps.gov/gumo/learn/news/guadalupe-mountains-national-park-to-begin-accepting-wilderness-camping-reservations.htm,Guadalupe Mountains National Park To Begin Accepting Wilderness Camping Reservations,gumo,"Beginning September 30, 2022, visitors will be able to book reservations in advance, for the park’s ten hike-in wilderness campgrounds online at https://www.recreation.gov/permits/4675328","{'url': '', 'credit': '', 'altText': '', 'title': '', 'description': '', 'caption': ''}","[{'states': 'TX', 'parkCode': 'gumo', 'designation': 'National Park', 'fullName': 'Guadalupe Mountains National Park', 'url': 'https://www.nps.gov/gumo/index.htm', 'name': 'Guadalupe Mountains'}]",[],,,,2022-09-07 11:56:00.0,,2022-09-07 14:22:05.0
20,45987460-D909-4623-9FF0-08D436AB9E72,https://www.nps.gov/yell/learn/news/220907.htm,WARNING: Bull elk in Yellowstone National Park can be unpredictable and dangerous during fall mating season,yell,"The elk mating season, commonly referred to as the rut, has begun in Yellowstone National Park. Bull elk can be unpredictable and dangerous during this time.","{'url': 'https://www.nps.gov/yell/learn/news/images/52339222430_1598e529bc_k.jpg', 'credit': 'NPS / Jacob W. Frank', 'altText': 'Bull elk on the Fawn Pass Trail', 'title': '52339222430_1598e529bc_k', 'description': '', 'caption': 'Bull elk on the Fawn Pass Trail'}","[{'states': 'ID,MT,WY', 'parkCode': 'yell', 'designation': 'National Park', 'fullName': 'Yellowstone National Park', 'url': 'https://www.nps.gov/yell/index.htm', 'name': 'Yellowstone'}]",[],,,,2022-09-07 11:49:00.0,,2022-09-07 14:18:55.0
21,290F36D9-7E82-486C-A336-C0A2FCFD01AD,https://www.nps.gov/cong/learn/news/2022-swampfest-student-art-competition-accepting-entries.htm,SwampFest Art Competition Accepting Entries,cong,Congaree National Park now accepting entries for the 2022 SwampFest Student Art Competition.,"{'url': 'https://www.nps.gov/cong/learn/news/images/swampfest_7335448_2.jpg', 'credit': '', 'altText': 'Student artwork showcased in visitor center', 'title': 'SwampFest artwork from a previous year showcased at the Harry Hampton Visitor Center', 'description': '', 'caption': ''}","[{'states': 'SC', 'parkCode': 'cong', 'designation': 'National Park', 'fullName': 'Congaree National Park', 'url': 'https://www.nps.gov/cong/index.htm', 'name': 'Congaree'}]",[],,,,2022-09-07 11:28:00.0,,2022-09-07 11:47:31.0
22,08B9A74E-4F1D-45AE-907C-8BF4A428C5CA,https://www.nps.gov/grte/learn/news/fire-danger-increased-to-high-sept-2022.htm,Fire Danger Increases to High,grte,"Teton Interagency fire managers have elevated the fire danger rating to high for Grand Teton National Park, the Bridger-Teton National Forest and the National Elk Refuge beginning Tuesday, September 6.","{'url': '', 'credit': '', 'altText': '', 'title': '', 'description': '', 'caption': ''}","[{'states': 'WY', 'parkCode': 'grte', 'designation': 'National Park', 'fullName': 'Grand Teton National Park', 'url': 'https://www.nps.gov/grte/index.htm', 'name': 'Grand Teton'}]",[],,,,2022-09-07 10:36:00.0,,2022-09-07 12:39:02.0
23,C0BBE3B8-41DC-4D00-B756-84F6AF414CB5,https://www.nps.gov/samo/learn/news/adult-female-mountain-lion-p-54-and-her-four-full-term-fetuses-were-exposed-to-multiple-anticoagulant-rodenticides.htm,Adult female mountain lion P-54 and her four full-term fetuses were exposed to multiple anticoagulant rodenticides,samo,"THOUSAND OAKS, Calif. – Adult female P-54, a mountain lion struck and killed by a vehicle earlier this year, was pregnant with four kittens. According to biologists from the National Park Service (NPS), all five animals tested positive for multiple anticoagulant rodenticides (rat poison). Watch a video of P-54 here, and photo here.","{'url': 'https://www.nps.gov/samo/learn/news/images/P54_recapture_2020.jpg', 'credit': 'National Park Service', 'altText': 'P54_recapture_2020', 'title': 'P54_recapture_2020', 'description': '', 'caption': 'Female mountain lion P-54.'}","[{'states': 'CA', 'parkCode': 'samo', 'designation': 'National Recreation Area', 'fullName': 'Santa Monica Mountains National Recreation Area', 'url': 'https://www.nps.gov/samo/index.htm', 'name': 'Santa Monica Mountains'}]",[],,,,2022-09-07 10:31:00.0,,2022-09-07 13:37:59.0
24,4BBEAE83-900A-41E5-9695-FC7525C9C825,https://www.nps.gov/guis/learn/news/national-seashore-to-host-park-wide-cleanup-september-24.htm,National Seashore to host park-wide cleanup September 24,guis,"Gulf Islands National Seashore and community partners will host a park-wide cleanup on September 24, 2022, in honor of National Public Lands Day.","{'url': 'https://www.nps.gov/guis/learn/news/images/NPLD22-Graphic.jpg', 'credit': 'Stephenie Wade', 'altText': 'Graphic of event details', 'title': 'NPLD22 Graphic', 'description': '', 'caption': 'Graphic of events'}","[{'states': 'FL,MS', 'parkCode': 'guis', 'designation': 'National Seashore', 'fullName': 'Gulf Islands National Seashore', 'url': 'https://www.nps.gov/guis/index.htm', 'name': 'Gulf Islands'}]",[],,,,2022-09-07 09:18:00.0,,2022-09-08 10:21:16.0
25,8389E101-24FD-4355-A27D-D6425C3483DC,https://www.nps.gov/pipe/learn/news/iowa-of-oklahoma-to-make-historic-visit-to-pipestone-blood-run.htm,"Iowa of Oklahoma to Make Historic Visit to Pipestone, Blood Run",pipe,"During the week of September 13, elders from the Iowa Tribe of Oklahoma will be making a historic homecoming journey to Pipestone National Monument, Good Earth State Park at Blood Run, and other ancestral sites in the region. The Iowa were early keepers of the pipestone quarries, working and trading the stone extensively through places like Blood Run.","{'url': '', 'credit': '', 'altText': '', 'title': '', 'description': '', 'caption': ''}","[{'states': 'MN', 'parkCode': 'pipe', 'designation': 'National Monument', 'fullName': 'Pipestone National Monument', 'url': 'https://www.nps.gov/pipe/index.htm', 'name': 'Pipestone'}]",[],,,,2022-09-07 07:41:00.0,,2022-09-07 08:46:07.0
26,68C607F7-2428-4F97-929E-FAEF3BC14E77,https://www.nps.gov/orgs/1207/national-park-service-announces-death-of-former-director-mary-bomar.htm,National Park Service announces death of former director Mary Bomar,,"Former National Park Service Director Mary Bomar died on Sunday, August 28, 2022, after a dogged fight against cancer. She was 78 years old. Bomar was appointed as the 17th director of the National Park Service (NPS) by President George W. Bush in October 2006 and served through the end of the Bush Administration.","{'url': 'https://www.nps.gov/orgs/1207/images/Mary-Bomar.jpg', 'credit': 'NPS', 'altText': 'A woman in a formal green uniform rests her chin on her left hand; behind her are several shelves lined with books.', 'title': 'Mary Bomar', 'description': '', 'caption': 'Mary Bomar, 17th Director of the National Park Service'}",[],"[{'id': 'DA687C0C-2506-49BB-A803-910DBD755D27', 'url': 'http://www.nps.gov/orgs/1207/', 'name': 'Office of Communications'}]",,,,2022-09-06 14:34:00.0,,2022-09-06 16:03:58.0
27,16943BB3-8E29-4C33-BD0D-16B7C7A19D7A,https://www.nps.gov/pore/learn/news/newsreleases-20220906-junior-ranger-day-2022.htm,"Junior Ranger Day at Point Reyes National Seashore on September 11, 2022",pore,"On Sunday, September 11, 2022, Point Reyes National Seashore will hold its first Junior Ranger Day. This special event will be from 11 am to 2 pm outside the Bear Valley Visitor Center. The free, family-friendly day will include activities for kids of all ages!","{'url': 'https://www.nps.gov/pore/learn/kidsyouth/images/pic-junior-rangers-at-kpvc-amk-190420-960x640.jpg', 'credit': 'NPS / Anela Kopshever', 'altText': 'Two young boys and a young girl wearing junior ranger hats pose while holding junior ranger badges and booklets.', 'title': 'Three Junior Rangers at the Kenneth C. Patrick Visitor Center. NPS / Anela Kopshever.', 'description': '', 'caption': 'Three Junior Rangers at the Kenneth C. Patrick Visitor Center.'}","[{'states': 'CA', 'parkCode': 'pore', 'designation': 'National Seashore', 'fullName': 'Point Reyes National Seashore', 'url': 'https://www.nps.gov/pore/index.htm', 'name': 'Point Reyes'}]",[],,,a166e320-9fb2-4a05-8597-698c01412df5,2022-09-06 14:30:00.0,,2022-09-08 13:57:20.0
28,78725124-A53B-4270-9E18-865D609A4417,https://www.nps.gov/moru/learn/news/national-park-service-and-federal-aviation-administration-seeking-public-input-on-air-tour-management-plan.htm,Public input needed on potential alternatives for the draft air tour management plan for Mount Rushmore National Memorial,moru,The National Park Service (NPS) and the Federal Aviation Administration (FAA) are seeking public comments on potential alternatives for an air tour management plan (ATMP) for Mount Rushmore National Memorial. Public comments will be accepted during a 30-day public scoping process starting September 6 through October 6.,"{'url': '', 'credit': '', 'altText': '', 'title': '', 'description': '', 'caption': ''}","[{'states': 'SD', 'parkCode': 'moru', 'designation': 'National Memorial', 'fullName': 'Mount Rushmore National Memorial', 'url': 'https://www.nps.gov/moru/index.htm', 'name': 'Mount Rushmore'}]",[],,,,2022-09-06 14:26:00.0,,2022-09-06 12:00:14.0
29,79492FB3-3F38-44BC-860C-B2D1BF98199F,https://www.nps.gov/yell/learn/news/220906.htm,VERY HIGH fire danger in Yellowstone National Park ,yell,The parkwide fire danger level for Yellowstone is now VERY HIGH.,"{'url': 'https://www.nps.gov/yell/learn/news/images/43878336065_f3fd2d989b_k_1.jpg', 'credit': 'NPS / Jacob W. Frank', 'altText': 'Fire Danger sign at Very High', 'title': '43878336065_f3fd2d989b_k', 'description': '', 'caption': 'Fire Danger sign at Very High'}","[{'states': 'ID,MT,WY', 'parkCode': 'yell', 'designation': 'National Park', 'fullName': 'Yellowstone National Park', 'url': 'https://www.nps.gov/yell/index.htm', 'name': 'Yellowstone'}]",[],,,,2022-09-06 14:11:00.0,,2022-09-06 16:15:17.0
30,D9554C82-6346-4ED7-9013-E1483019C09B,https://www.nps.gov/chis/learn/news/pr090622.htm,Twentieth Anniversary Chumash Tomol Canoe Crossing to Channel Islands National Park,chis,"For the 20th time in modern history, members of the Chumash Indian community will paddle across the Santa Barbara Channel on a 24-mile journey to Santa Cruz Island in a traditional Chumash tomol plank canoe called Muptami, or “Deep Memories.” This crossing, planned for Saturday, Sept. 10, will continue the cultural tradition of crossing the channel in a tomol to the Channel Islands as the Chumash did for thousands of years.","{'url': 'https://www.nps.gov/chis/learn/historyculture/images/960-Tomol-Crossing-2006_Robert-schwemmer_1.jpg', 'credit': 'Robert Schwemmer/NOAA', 'altText': '©Robert Schwemmer', 'title': '', 'description': '', 'caption': ''}","[{'states': 'CA', 'parkCode': 'chis', 'designation': 'National Park', 'fullName': 'Channel Islands National Park', 'url': 'https://www.nps.gov/chis/index.htm', 'name': 'Channel Islands'}]",[],,,,2022-09-06 13:49:00.0,,2022-09-06 16:57:06.0
31,12A04250-315C-4C00-9EE3-6B44CD939F46,https://www.nps.gov/cane/learn/news/new-operating-hours-and-september-and-october-calendar.htm,New Operating Hours and September and October Calendar,cane,"The National Park Service (NPS) is excited to announce the new operating hours and the September-October Calendar at Camp Nelson National Monument. The calendar features National Public Lands Day, the Fall History Hike, and the 2nd Annual Luminaria and Memorial Walk.","{'url': 'https://www.nps.gov/cane/learn/news/images/Luminaria_7336423_3.jpg', 'credit': '', 'altText': 'White obelisk in an open field surrounded by lit luminaria at night', 'title': 'Luminaria', 'description': '', 'caption': ''}","[{'states': 'KY', 'parkCode': 'cane', 'designation': 'National Monument', 'fullName': 'Camp Nelson National Monument', 'url': 'https://www.nps.gov/cane/index.htm', 'name': 'Camp Nelson'}]",[],,,,2022-09-06 12:02:00.0,,2022-09-08 12:27:02.0
32,42312467-2938-4655-95CD-260A7012B9D7,https://www.nps.gov/noca/learn/news/additional-trail-and-camp-closures-for-chilliwack-complex.htm,Additional Trail and Camp Closures for Chilliwack Complex,noca,"Four lightning-caused fires remain active across North Cascades National Park Service Complex. The fires are in remote areas of the Stephen Mather Wilderness. Three fires (North Fork, Little Chill, and Copper Lake) are in proximity to the Copper Loop Trail system and one (Brush Creek Fire) is near the Brush Creek Trail in the Whatcom Pass area. The Chilliwack Complex is estimated at 3,700 acres.","{'url': '', 'credit': '', 'altText': '', 'title': '', 'description': '', 'caption': ''}","[{'states': 'WA', 'parkCode': 'noca', 'designation': 'National Park', 'fullName': 'North Cascades National Park', 'url': 'https://www.nps.gov/noca/index.htm', 'name': 'North Cascades'}]",[],,,,2022-09-06 11:53:00.0,,2022-09-06 14:57:59.0
33,2369179A-BC95-4005-80F6-E5CBE6D6EAA4,https://www.nps.gov/badl/learn/news/air-tour-management-plan-for-badlands-national-park.htm,Public input needed on potential alternatives for the draft air tour management plan for Badlands National Park,badl,Public input needed on potential alternatives for the draft air tour management plan for Badlands National Park,"{'url': '', 'credit': '', 'altText': '', 'title': '', 'description': '', 'caption': ''}","[{'states': 'SD', 'parkCode': 'badl', 'designation': 'National Park', 'fullName': 'Badlands National Park', 'url': 'https://www.nps.gov/badl/index.htm', 'name': 'Badlands'}]",[],,,,2022-09-06 11:30:00.0,,2022-09-06 14:42:21.0
34,79306F01-75AE-4BD4-AD0F-62CFD2F884CC,https://www.nps.gov/flni/learn/news/flight-93-national-memorial-ceremony-to-honor-the-passengers-and-crew-members-of-flight-93.htm,Flight 93 National Memorial Ceremony to Honor the Passengers and Crew Members of Flight 93,flni,"Flight 93 National Memorial will honor the 40 passengers and crew members on the 21st observance of Sept. 11 with the annual Service of Remembrance.  The service will begin at 9:45 a.m. on Sunday, Sept. 11, at the Memorial Plaza. At 10:03 a.m. – when Flight 93 crashed – the names of each passenger and crew member will be read and the Bells of Remembrance rung in their memory. The program will conclude with a wreath-laying at the Wall of Names. Standing room is available for the public to attend the outdoor hour-long annual observance. ADA seating will be available.","{'url': 'https://www.nps.gov/flni/learn/news/images/salute_at_the_wall.jpg', 'credit': 'NPS Image', 'altText': 'Rangers saluting the Wall of Names.', 'title': 'Salute at the Wall of Names.', 'description': '', 'caption': ''}","[{'states': 'PA', 'parkCode': 'flni', 'designation': 'National Memorial', 'fullName': 'Flight 93 National Memorial', 'url': 'https://www.nps.gov/flni/index.htm', 'name': 'Flight 93'}]",[],,,,2022-09-06 10:57:00.0,,2022-09-06 11:14:38.0
35,17EBAB27-3C05-4072-A4D5-2C6A3CDABC81,https://www.nps.gov/wrst/learn/news/plane-crash-at-jakes-bar-airstrip-in-wrangell-st-elias-national-park-and-preserve.htm,Plane Crash at Jakes Bar Airstrip in Wrangell-St. Elias National Park and Preserve,wrst,"On September 3, 2022, the National Park Service (NPS) was notified of a plane crash at the Jakes Bar airstrip in Wrangell-St. Elias National Park and Preserve involving a Cessna 180. They were picked up by a friend on Sunday, September 4 and transported back to Anchorage.","{'url': '', 'credit': '', 'altText': '', 'title': '', 'description': '', 'caption': ''}","[{'states': 'AK', 'parkCode': 'wrst', 'designation': 'National Park & Preserve', 'fullName': 'Wrangell - St Elias National Park & Preserve', 'url': 'https://www.nps.gov/wrst/index.htm', 'name': 'Wrangell - St Elias'}]",[],,,,2022-09-06 10:14:00.0,,2022-09-06 14:22:19.0
36,FB306431-3D56-4440-9276-5CDF3D3AEC6D,https://www.nps.gov/acad/learn/news/advisory-commission-meets-in-person-sept-12.htm,Acadia National Park Advisory Commission meets in-person Sept 12,acad,"The Acadia National Park Advisory Commission will meet in-person at Moore Auditorium at the Schoodic Institute in Winter Harbor, ME at 1 pm on Mon Sept 12. There will also be a virtual option available for those unable to attend in-person. The meeting is open to the public and will include an opportunity for public comment.","{'url': '', 'credit': '', 'altText': '', 'title': '', 'description': '', 'caption': ''}","[{'states': 'ME', 'parkCode': 'acad', 'designation': 'National Park', 'fullName': 'Acadia National Park', 'url': 'https://www.nps.gov/acad/index.htm', 'name': 'Acadia'}]",[],,,,2022-09-06 10:06:00.0,,2022-09-06 10:29:40.0
37,82C44EC4-6111-417F-AC82-143E4DC156E6,https://www.nps.gov/maca/learn/news/brownsville-road-in-mammoth-cave-national-park-closed-all-day-september-14-and-15-for-road-work.htm,Brownsville Road in Mammoth Cave National Park closed all day September 14 and 15 for road work,maca,"Mammoth Cave National Park will temporarily close Brownsville Road (KY-70E) from the Mammoth Cave Parkway to the Brownsville Entrance from 7 am Wednesday, September 14 to 7 am Friday, September 16. The 48-hour closure is required for crews to complete fog sealing on the roadway.","{'url': 'https://www.nps.gov/maca/learn/news/images/Brownsville-Road-in-Mammoth-Cave.JPG', 'credit': 'NPS Photo', 'altText': 'Two cars moving in opposite directions on a gray asphalt road in a wooded area.', 'title': 'Brownsville Road in Mammoth Cave.NPS Photo', 'description': '', 'caption': 'Brownsville Road in Mammoth Cave National Park will undergo road work in September.'}","[{'states': 'KY', 'parkCode': 'maca', 'designation': 'National Park', 'fullName': 'Mammoth Cave National Park', 'url': 'https://www.nps.gov/maca/index.htm', 'name': 'Mammoth Cave'}]",[],,,,2022-09-06 10:00:00.0,,2022-09-06 14:35:42.0
38,D9707276-E5A5-4B3A-9698-2B2C5828E8ED,https://www.nps.gov/seki/learn/news/firewood-permits-available-for-dorst-woodlot-in-sequoia-national-park.htm,Firewood Permits Available for Dorst Woodlot in Sequoia National Park,seki,"SEQUOIA AND KINGS CANYON NATIONAL PARKS, Calif. September 6, 2022 – Surplus wood is currently available to the public by permit in Sequoia National Park. Firewood permits are free, but you must obtain your permit before wood can be removed. Permit holders may take up to six cords per family per year. Firewood is available on a first-come first-served basis until the supply is gone.","{'url': '', 'credit': '', 'altText': '', 'title': '', 'description': '', 'caption': ''}","[{'states': 'CA', 'parkCode': 'seki', 'designation': 'National Parks', 'fullName': 'Sequoia & Kings Canyon National Parks', 'url': 'https://www.nps.gov/seki/index.htm', 'name': 'Sequoia & Kings Canyon'}]",[],,,,2022-09-06 09:38:00.0,,2022-09-06 12:39:53.0
39,29972C6C-4B15-4658-819A-D85138DA0B6A,https://www.nps.gov/grca/learn/news/hiker-fatality-thunder-river-september-2022.htm,Hiker Fatality along the Thunder River Trail in Grand Canyon National Park,grca,"On September 4 at approximately 7:30 p.m., the Grand Canyon Regional Communications Center received a report of a deceased backpacker along the Thunder River Trail, approximately one mile from the confluence of Tapeats Creek and the Colorado River.","{'url': 'https://www.nps.gov/grca/learn/news/images/Thunder-River-reduced.jpg', 'credit': '', 'altText': 'The Thunder River Trail and Tapeats Creek seen rushing by', 'title': 'Thunder River Trail', 'description': '', 'caption': 'Tapeats Creek as seen from the Thunder River Trail (NPS Photo/E. Foss)'}","[{'states': 'AZ', 'parkCode': 'grca', 'designation': 'National Park', 'fullName': 'Grand Canyon National Park', 'url': 'https://www.nps.gov/grca/index.htm', 'name': 'Grand Canyon'}]",[],,,,2022-09-06 09:06:00.0,,2022-09-06 12:09:48.0
40,394244A1-4D1B-46E9-81F2-1579EBE3A1FC,https://www.nps.gov/orpi/learn/news/ajo-mountain-drive-closure.htm,Ajo Mountain Drive Closure Beginning September 6th,orpi,Ajo Mountain Drive in Organ Pipe Cactus National Monument will close September 6th for a two month paving project.,"{'url': '', 'credit': '', 'altText': '', 'title': '', 'description': '', 'caption': ''}","[{'states': 'AZ', 'parkCode': 'orpi', 'designation': 'National Monument', 'fullName': 'Organ Pipe Cactus National Monument', 'url': 'https://www.nps.gov/orpi/index.htm', 'name': 'Organ Pipe Cactus'}]",[],,,,2022-09-06 07:41:00.0,,2022-09-07 10:44:57.0
41,B7FB24C5-33E9-4738-BA50-81853119F27C,https://www.nps.gov/maca/learn/news/mammoth-cave-national-park-national-day-of-service-on-september-11.htm,Mammoth Cave National Park National Day of Service September 11,maca,"Mammoth Cave National Park will host a volunteer cleanup event during the September 11 National Day of Service on Sunday, September 11 from 9 am to 3 pm CDT. The National Day of Service is an annual event that encourages volunteerism in local communities to honor the spirit of sacrifice made by so many individuals over 20 years ago during the 9/11 attacks.  ","{'url': 'https://www.nps.gov/maca/learn/news/images/Mammoth-Cave-Litter-Pick-Ups.JPG', 'credit': 'NPS Photo', 'altText': 'Two people in bright yellow vests use long poles to pick up paper and plastic trash items in a wooded area next to a road.', 'title': 'Litter pick up in Mammoth Cave National Park.', 'description': '', 'caption': 'Volunteers pick up litter along a roadway in Mammoth Cave National Park'}","[{'states': 'KY', 'parkCode': 'maca', 'designation': 'National Park', 'fullName': 'Mammoth Cave National Park', 'url': 'https://www.nps.gov/maca/index.htm', 'name': 'Mammoth Cave'}]",[],,,,2022-09-06 06:00:00.0,,2022-09-06 09:17:39.0
42,8F6362DE-E709-4BCD-BBEE-8814824591DC,https://www.nps.gov/maca/learn/news/helicopter-crash-with-fatality-located-inside-mammoth-cave-national-park.htm,Helicopter crash with fatality located inside Mammoth Cave National Park,maca,"At approximately 4:00 pm CDT on Monday, September 5, Law Enforcement officers from Mammoth Cave National Park received notification that a helicopter crash with a single fatality had been located inside the park’s southern boundary. The pilot, David Stone, age 69 of Louisville, TN, had been flying alone from St. Louis, MO to Knoxville, TN on Saturday, September 3 before contact was lost with his aircraft. Mr. Stone was found dead at the scene.   ","{'url': 'https://www.nps.gov/maca/learn/news/images/Mammoth-Cave-National-Park_1.JPG', 'credit': 'NPS Photo', 'altText': 'A white Chevy Tahoe with U.S. National Park Service Law Enforcement written in green on the side.', 'title': 'Mammoth Cave National Park.Park Ranger Vehicle', 'description': '', 'caption': 'U.S. Park Ranger Law Enforcement vehicle at Mammoth Cave National Park.'}","[{'states': 'KY', 'parkCode': 'maca', 'designation': 'National Park', 'fullName': 'Mammoth Cave National Park', 'url': 'https://www.nps.gov/maca/index.htm', 'name': 'Mammoth Cave'}]",[],,,,2022-09-05 18:11:00.0,,2022-09-05 19:22:21.0
43,FAD47414-1C9A-4A44-8C40-C1CD1F792002,https://www.nps.gov/libi/learn/news/bookstore-to-be-closed-9-22-for-inventory.htm,Bookstore to be Closed 9/7 for Inventory,libi,"On Wednesday, September 7, 2022, the Little Bighorn Battlefield National Monument Bookstore, run by the Western National Parks Association, will be closed all day to complete fall inventory.","{'url': '', 'credit': '', 'altText': '', 'title': '', 'description': '', 'caption': ''}","[{'states': 'MT', 'parkCode': 'libi', 'designation': 'National Monument', 'fullName': 'Little Bighorn Battlefield National Monument', 'url': 'https://www.nps.gov/libi/index.htm', 'name': 'Little Bighorn Battlefield'}]",[],,,,2022-09-05 15:38:00.0,,2022-09-02 17:45:47.0
44,AD15498A-BD39-4530-8A8D-CC4B99463625,https://www.nps.gov/yose/learn/news/yosemite-fire-update-for-september-5-2022.htm,"Yosemite FIre Update for September 5, 2022",yose,Three small fires are currently burning in Yosemite.,"{'url': 'https://www.nps.gov/yose/learn/news/images/Rodgers-Progression-20220905.jpg', 'credit': '', 'altText': 'Three maps showing minimal progression of Red and Rodgers and location of Aspen Valley just northeast of Aspen Valley', 'title': 'Maps', 'description': '', 'caption': ''}","[{'states': 'CA', 'parkCode': 'yose', 'designation': 'National Park', 'fullName': 'Yosemite National Park', 'url': 'https://www.nps.gov/yose/index.htm', 'name': 'Yosemite'}]",[],,,,2022-09-05 15:15:00.0,,2022-09-05 18:36:26.0
45,4CA837A0-3F51-42F0-BABB-1EB51CFD86B8,https://www.nps.gov/fomr/learn/news/request-for-proposal-beach-club-at-fort-monroe.htm,National Park Service to Re-Announce the Beach Club Request for Proposal (RFP) Opportunity at Fort Monroe National Monument,fomr,National Park Service to Re-Announce the Beach Club Request for Proposal (RFP) Opportunity at Fort Monroe National Monument,"{'url': 'https://www.nps.gov/fomr/learn/news/images/FOMR-beach-club.jpg', 'credit': 'NPS Photo', 'altText': ""Beach Club at Fort Monroe's North Beach"", 'title': 'FOMR beach club', 'description': '', 'caption': 'Aerial photo of beach club at Fort Monroe'}","[{'states': 'VA', 'parkCode': 'fomr', 'designation': 'National Monument', 'fullName': 'Fort Monroe National Monument', 'url': 'https://www.nps.gov/fomr/index.htm', 'name': 'Fort Monroe'}]",[],,,,2022-09-05 15:14:00.0,,2022-09-05 18:26:44.0
46,70C67F13-F855-4346-AA34-6EB2448CAB41,https://www.nps.gov/grte/learn/news/spread-creek-fish-passage-project-protects-native-cutthroat-trout-populations.htm,Spread Creek Fish Passage Project protects native cutthroat trout populations,grte,"Trout Unlimited, Grand Teton National Park, Bridger Teton National Forest, and Wyoming Game and Fish Department announced today completion of the final phase of the collaborative Spread Creek Fish Passage Project. To tell the story of the incredible local partnerships that made this native trout conservation project possible, Trout Unlimited released a short film.","{'url': 'https://www.nps.gov/grte/learn/news/images/FishScreen_8.jpg', 'credit': 'NPS Photo/J. Bonney', 'altText': 'boots on a metal walk above a screen water is flowing over', 'title': '', 'description': '', 'caption': ''}","[{'states': 'WY', 'parkCode': 'grte', 'designation': 'National Park', 'fullName': 'Grand Teton National Park', 'url': 'https://www.nps.gov/grte/index.htm', 'name': 'Grand Teton'}]",[],,,,2022-09-05 11:58:00.0,,2022-09-07 14:10:06.0
47,B2D0FF2E-48DF-4C89-9641-5C31C8F51EC8,https://www.nps.gov/upde/learn/news/second-drowning-on-the-upper-delaware-river.htm,Second Drowning on the Upper Delaware River,upde,"On Saturday, September 3, 2022, the National Park Service, the Sullivan County Dive Task Force, the Matamoras Dive Team, along with the Yulan, Shohola, and Sparrowbush Fire Departments responded to a drowning on the Upper Delaware River a mile and half below the Roebling Bridge in Barryville, NY. A group of family and friends from Flanders, NY went into the river to go for a swim. One individual was observed in the main channel of the river where the current is swift with steep drop offs. The individual was not wearing life jacket. The individual was observed in distress. While bystanders tried to assist the individual, the individual was observed going under the water. The emergency call came in around 1:29pm and National Park Service Law Enforcement Rangers and other emergency crews quickly responded to the scene but unfortunately it was too late.","{'url': '', 'credit': '', 'altText': '', 'title': '', 'description': '', 'caption': ''}","[{'states': 'NY,PA', 'parkCode': 'upde', 'designation': 'Scenic & Recreational River', 'fullName': 'Upper Delaware Scenic & Recreational River', 'url': 'https://www.nps.gov/upde/index.htm', 'name': 'Upper Delaware'}]",[],,,,2022-09-04 16:01:00.0,,2022-09-04 16:04:17.0
48,FD6AD15E-31BA-4A45-AABE-29089C76D1C0,https://www.nps.gov/whmi/learn/news/whitman-mission-nhs-announces-winter-hours.htm,Whitman Mission National Historic Site Announces Winter Hours,whmi,"Whitman Mission National Historic Site will begin its winter hours on Sunday, September 11th, 2022. Under these winter hours, the Visitor Center will be open from 9 a.m. - 4 p.m. Tuesday through Saturday. The Visitor Center will be closed on Sunday and Monday. The park’s picnic area, trails, and grounds continue to be open daily sunrise to sunset.","{'url': 'https://www.nps.gov/whmi/learn/news/images/Better-Fall-Sunrise-Over-the-Blues.jpg', 'credit': '', 'altText': 'An open field with yellow tall grasses and a few trees in the distance. The sun sets on a ridge along the horizon beyond the prairie field', 'title': 'Sunset happens over the blue mountains on a fall day', 'description': '', 'caption': ''}","[{'states': 'WA', 'parkCode': 'whmi', 'designation': 'National Historic Site', 'fullName': 'Whitman Mission National Historic Site', 'url': 'https://www.nps.gov/whmi/index.htm', 'name': 'Whitman Mission'}]",[],,,,2022-09-04 08:25:00.0,,2022-09-04 11:35:23.0
49,0565F23C-2DE3-40EC-82C7-F9C642359F8A,https://www.nps.gov/lake/learn/news/drowning-on-lake-mohave-within-lake-mead-nra.htm,Fatal drowning at Lake Mead National Recreation Area,lake,"An adult male drowned on Friday, September 2 near the Cottonwood Cove area of Lake Mohave.","{'url': '', 'credit': '', 'altText': '', 'title': '', 'description': '', 'caption': ''}","[{'states': 'AZ,NV', 'parkCode': 'lake', 'designation': 'National Recreation Area', 'fullName': 'Lake Mead National Recreation Area', 'url': 'https://www.nps.gov/lake/index.htm', 'name': 'Lake Mead'}]","[{'id': '6A62C08D-E45D-4A56-B931-E056180D21B7', 'url': 'http://www.nps.gov/orgs/1180/', 'name': 'Regions 8, 9, 10, and 12'}]",,,,2022-09-03 17:40:00.0,,2022-09-03 20:48:51.0
50,ACFECECF-6A2B-4E8F-83BA-891F51AE0591,https://www.nps.gov/rich/learn/news/battles-of-fort-harrison-and-new-market-heights-2022.htm,National Park Service to Commemorate Battles of Fort Harrison and New Market Heights,rich,"On Saturday, September 24, Richmond National Battlefield Park and the American Battlefield Trust will commemorate the Battles of Fort Harrison and New Market Heights. Rangers and volunteers will offer tours of Fort Harrison exploring the park’s early history, and the Trust will conduct its first-ever tour of newly preserved land at New Market Heights.","{'url': 'https://www.nps.gov/rich/learn/news/images/Fort-Harrison-credit-Bob-Talbot-NPS.jpg', 'credit': '', 'altText': 'A black and white historic photo of a log cabin over a modern, color photo of the same structure.', 'title': 'Fort Harrison Then and Now', 'description': '', 'caption': ''}","[{'states': 'VA', 'parkCode': 'rich', 'designation': 'National Battlefield Park', 'fullName': 'Richmond National Battlefield Park', 'url': 'https://www.nps.gov/rich/index.htm', 'name': 'Richmond'}]",[],,,,2022-09-03 13:17:00.0,,2022-09-03 13:20:24.0
51,7D7C8F51-3468-4D10-B370-934F2EC38488,https://www.nps.gov/bibe/learn/news/storm-damage-to-lost-mine-trail-and-scenic-drive.htm,Storm Damage to Lost Mine and Ross Maxwell Drive,bibe,"On Saturday, heavy rains resulted in damage to both the Lost Mine Trail and Ross Maxwell Scenic Drive. The Lost Mine Trail will remain closed until trail crews can repair the damaged section. The Ross Maxwell Drive is now closed south of Mule Ears Overlook until road crews can repair the road and make it safe for vehicle traffic.","{'url': 'https://www.nps.gov/bibe/learn/news/images/damaged-trail_1.jpg', 'credit': '', 'altText': 'damaged-trail', 'title': 'damaged-trail', 'description': '', 'caption': 'Damage to the Lost Mine Trail'}","[{'states': 'TX', 'parkCode': 'bibe', 'designation': 'National Park', 'fullName': 'Big Bend National Park', 'url': 'https://www.nps.gov/bibe/index.htm', 'name': 'Big Bend'}]",[],,,,2022-09-03 13:00:00.0,,2022-09-04 10:01:54.0
52,98692E3F-4585-474F-BFEE-76A33A0EFCFD,https://www.nps.gov/sara/learn/news/special-events-to-be-held-in-september.htm,Special Events to be Held in September,sara,"Saratoga NHP will host special events on September 10, 19, and 24.","{'url': '', 'credit': '', 'altText': '', 'title': '', 'description': '', 'caption': ''}","[{'states': 'NY', 'parkCode': 'sara', 'designation': 'National Historical Park', 'fullName': 'Saratoga National Historical Park', 'url': 'https://www.nps.gov/sara/index.htm', 'name': 'Saratoga'}]",[],,,,2022-09-03 11:48:00.0,,2022-09-03 11:48:24.0
53,B753049C-C211-4CC1-94A5-90A317FC4B2E,https://www.nps.gov/grca/learn/news/grand-canyon-reimplements-water-conservation-september-2022.htm,Grand Canyon National Park initiates water conservation for both North and South rims,grca,"Effective immediately, Grand Canyon National Park will re-implement mandatory water conservation measures on both the North and South rims of the park. This is due to diminished water supplies as a result of a major pipeline break discovered on September 3 in the inner canyon along the North Kaibab Trail. Water conservation measures require all park residents and visitors to conserve and reduce water usage wherever possible in homes, hotel rooms, and at the campgrounds.","{'url': 'https://www.nps.gov/grca/learn/news/images/helicopter-368-PR.jpg', 'credit': '', 'altText': 'A park helicopter flies over Phantom Ranch and the Colorado River', 'title': 'Helicopter 368 flies over Phantom', 'description': '', 'caption': 'Helicopter 368 flies over Phantom Ranch (NPS Photo/D. Yurcik)'}","[{'states': 'AZ', 'parkCode': 'grca', 'designation': 'National Park', 'fullName': 'Grand Canyon National Park', 'url': 'https://www.nps.gov/grca/index.htm', 'name': 'Grand Canyon'}]",[],,,,2022-09-03 09:47:00.0,,2022-09-03 12:53:18.0
54,856A767C-EC4B-431D-A7AB-AD219B0B9C81,https://www.nps.gov/romo/learn/news/section-of-trail-ridge-road-in-rocky-mountain-national-park-closes-earlier-today-for-vehicle-extraction.htm,Section Of Trail Ridge Road In Rocky Mountain National Park Closes Earlier Today For Vehicle Extraction,romo,"At approximately 8:50 p.m. on Thursday, September 1, 2022, Rocky Mountain National Park received a call from a visitor traveling on Trail Ridge Road who saw a vehicle off road.","{'url': 'https://www.nps.gov/romo/learn/news/images/NPS-Photo_Park-Staff-and-Tow-Truck-Staff-are-working-to-remove-vehicle-that-drove-off-road-in-RMNP_004.JPG', 'credit': 'NPS', 'altText': 'NPS Photo_Park Staff and Tow Truck Staff are working to remove vehicle that drove off road in RMNP_004', 'title': 'NPS Photo_Park Staff and Tow Truck Staff are working to remove vehicle that drove 500 feet off Trail Ridge Road in Rocky Mountain National Park', 'description': '', 'caption': 'Staff work to safely extract the vehicle from a location 500-feet below Trail Ridge Road'}","[{'states': 'CO', 'parkCode': 'romo', 'designation': 'National Park', 'fullName': 'Rocky Mountain National Park', 'url': 'https://www.nps.gov/romo/index.htm', 'name': 'Rocky Mountain'}]",[],,,,2022-09-02 16:42:00.0,,2022-09-02 18:44:28.0
55,5D2AADA9-0C6A-4C8B-8A12-9B9CC747E614,https://www.nps.gov/glac/learn/news/glacier-national-park-fall-operation-adjustments.htm,Glacier National Park Fall Operation Adjustments,glac,"As the autumn season approaches, operations in the park will start winding down. On September 11, the park’s 2022 vehicle reservation pilot study will end. Visitors are encouraged to plan ahead and prepare for temporary traffic restrictions at the west entrance due to congestion.","{'url': 'https://www.nps.gov/glac/learn/news/images/Lake-McDonald-Utilities-Project.jpg', 'credit': '', 'altText': 'Road construction equipment parked on Going-to-the-Sun Road near Lake McDonald. Cars driving by in opposite lane.', 'title': 'Lake McDonald Utilities Project', 'description': '', 'caption': ''}","[{'states': 'MT', 'parkCode': 'glac', 'designation': 'National Park', 'fullName': 'Glacier National Park', 'url': 'https://www.nps.gov/glac/index.htm', 'name': 'Glacier'}]",[],,,,2022-09-02 16:14:00.0,,2022-09-07 15:19:17.0
56,AE609E49-DE07-4AC7-9C81-F09F3BB90E76,https://www.nps.gov/mora/learn/news/media-advisory-dangers-associated-with-mount-rainier-national-park-ice-caves.htm,Media Advisory: Dangers Associated with Mount Rainier National Park Ice Caves,mora,"Officials strongly discourage visitors from approaching or entering ice caves or melt water channels as they are prone to spontaneous collapse due to melting, which is accelerated this time of year. Collapse, or ice and rock fall could be fatal or cause serious injuries to those who venture inside or near the entrance.","{'url': '', 'credit': '', 'altText': '', 'title': '', 'description': '', 'caption': ''}","[{'states': 'WA', 'parkCode': 'mora', 'designation': 'National Park', 'fullName': 'Mount Rainier National Park', 'url': 'https://www.nps.gov/mora/index.htm', 'name': 'Mount Rainier'}]",[],,,,2022-09-02 15:08:00.0,,2022-09-02 18:17:53.0
57,78F3E57E-961D-4050-8E65-CF79D1921BE7,https://www.nps.gov/chat/learn/news/drowning-prevention-awareness.htm,"Chattahoochee River National Recreational Area, YMCA of Metro Atlanta and WABE partner to raise awareness about drowning prevention",chat,"The Chattahoochee River National Recreational Area (park), YMCA of Metro Atlanta and WABE today announced a partnership to raise awareness about drowning prevention. In preparation for Labor Day weekend, the organizations have developed a water safety campaign to encourage individuals to use personal flotation devices (PFD) or life vests while swimming or playing in the Chattahoochee River.","{'url': '', 'credit': '', 'altText': '', 'title': '', 'description': '', 'caption': ''}","[{'states': 'GA', 'parkCode': 'chat', 'designation': 'National Recreation Area', 'fullName': 'Chattahoochee River National Recreation Area', 'url': 'https://www.nps.gov/chat/index.htm', 'name': 'Chattahoochee River'}]",[],,,,2022-09-02 14:54:00.0,,2022-09-02 15:37:43.0
58,3960F9EC-3CAA-44C7-A70C-7437C1DAFD75,https://www.nps.gov/gumo/learn/news/gumo50th.htm,Guadalupe Mountains National Park to Mark 50 Years,gumo,"Salt Flat, Texas – Visitors are invited to join the staff and volunteers of Guadalupe Mountains National Park as we commemorate the park’s 50th Anniversary with a series of ranger-guided tours, hikes, and other unique opportunities to explore the park.","{'url': '', 'credit': '', 'altText': '', 'title': '', 'description': '', 'caption': ''}","[{'states': 'TX', 'parkCode': 'gumo', 'designation': 'National Park', 'fullName': 'Guadalupe Mountains National Park', 'url': 'https://www.nps.gov/gumo/index.htm', 'name': 'Guadalupe Mountains'}]",[],,,,2022-09-02 13:03:00.0,,2022-09-02 15:06:29.0
59,C8442B30-E638-45E7-B759-9F5316731308,https://www.nps.gov/glba/learn/news/whale-waters-update-03sept2022.htm,Whale Waters Update for Glacier Bay Effective 03 September 2022,glba,Glacier Bay National Park announced today that the 13-knot “whale waters” vessel speed limit around Sturgess Island is being lifted. This change is effective beginning at 5 AM Saturday September 3rd.,"{'url': 'https://www.nps.gov/glba/learn/news/images/Sturgess_OFF_03Sept2022_988wide.jpg', 'credit': 'NPS Image', 'altText': 'Map of Whale Water Restrictions for September 3 2022', 'title': 'Sturgess_whale_waters_OFF', 'description': '', 'caption': 'Map of Whale Waters Restrictions 3Sept2022'}","[{'states': 'AK', 'parkCode': 'glba', 'designation': 'National Park & Preserve', 'fullName': 'Glacier Bay National Park & Preserve', 'url': 'https://www.nps.gov/glba/index.htm', 'name': 'Glacier Bay'}]",[],,,,2022-09-02 12:34:00.0,,2022-09-02 16:42:33.0
60,890785F2-17F9-4D01-9900-2B0D799DD355,https://www.nps.gov/neri/learn/news/new-river-gorge-national-park-and-preserve-announces-autumn-schedule.htm,New River Gorge National Park and Preserve Announces Autumn Schedule,neri,"Autumn operating hours will be in effect starting September 6, 2022. Thurmond Visitor Center will be open Saturdays and Sundays 10:00 am to 5:00 pm. Grandview Visitor Center will be open Saturdays and Sundays 12:00 pm to 5:00 pm.","{'url': 'https://www.nps.gov/neri/learn/news/images/042-Thurmond_2.jpg', 'credit': 'NPS', 'altText': 'Historic train depot of Thurmond behind railroad tracks', 'title': 'Thurmond 1', 'description': '', 'caption': 'Thurmond Depot Visitor Center'}","[{'states': 'WV', 'parkCode': 'neri', 'designation': 'National Park and Preserve', 'fullName': 'New River Gorge National Park and Preserve', 'url': 'https://www.nps.gov/neri/index.htm', 'name': 'New River Gorge'}]",[],,,,2022-09-02 11:33:00.0,,2022-09-06 12:14:03.0
61,77617605-E576-48FF-8A9C-74390768D2B2,https://www.nps.gov/havo/learn/news/september-2022-flight-operations.htm,September 2022 Notice of Flight Operations,havo,Hawai‘i Volcanoes National Park announces flight operations for September 2022.,"{'url': '', 'credit': '', 'altText': '', 'title': '', 'description': '', 'caption': ''}","[{'states': 'HI', 'parkCode': 'havo', 'designation': 'National Park', 'fullName': 'Hawaiʻi Volcanoes National Park', 'url': 'https://www.nps.gov/havo/index.htm', 'name': 'Hawaiʻi Volcanoes'}]",[],,,,2022-09-02 10:49:00.0,,2022-09-02 17:06:43.0
62,1E0D2C15-651D-4695-A5D6-815BC17E2417,https://www.nps.gov/ocmu/learn/news/annual-ocmulgee-indigenous-celebration-returns-to-ocmulgee-mounds-national-historical-park.htm,Annual Ocmulgee Indigenous Celebration Returns to Ocmulgee Mounds National Historical Park,ocmu,"Come celebrate southeastern Native American heritage during the 30th annual Ocmulgee Indigenous Celebration, from 10 a.m. to 5 p.m. Saturday, September 17 and Sunday, September 18 at the Ocmulgee Mounds National Historical Park.","{'url': 'https://www.nps.gov/ocmu/learn/news/images/OIC-Poster.jpg', 'credit': 'Brian OnTheHill/Muscogee Nation', 'altText': 'A poster explaining the event dates, times, and parking schedule', 'title': 'OIC Poster', 'description': '', 'caption': 'Event Flyer'}","[{'states': 'GA', 'parkCode': 'ocmu', 'designation': 'National Historical Park', 'fullName': 'Ocmulgee Mounds National Historical Park', 'url': 'https://www.nps.gov/ocmu/index.htm', 'name': 'Ocmulgee Mounds'}]",[],,,,2022-09-02 10:29:00.0,,2022-09-02 10:44:21.0
63,885EDA08-AA40-4955-8E53-BC63DFE57686,https://www.nps.gov/band/learn/news/artistinres12022.htm,Bandelier Welcomes First Artist in Residence for the 2022 Season,band,Bandelier welcomes its first Artist in Residence of the 2022 season.,"{'url': 'https://www.nps.gov/band/learn/news/images/BAND-AIR-1-2022-Sarah-Colby.jpg', 'credit': 'NPS', 'altText': 'a woman in a pink shirt smiles', 'title': 'BAND AIR 1 2022 Sarah Colby', 'description': '', 'caption': 'Bandelier Artist in Residence Sarah Colby'}","[{'states': 'NM', 'parkCode': 'band', 'designation': 'National Monument', 'fullName': 'Bandelier National Monument', 'url': 'https://www.nps.gov/band/index.htm', 'name': 'Bandelier'}]",[],,,,2022-09-02 10:19:00.0,,2022-09-02 12:24:39.0
64,2EE5592E-EE58-4D6B-86C9-7A4D267835FF,https://www.nps.gov/nebe/learn/news/volunteer-receives-national-award.htm,Volunteer Recieves Hartzog Enduring Service Award,nebe,"A variety of National Park Service (NPS) employees, volunteers and partners were honored yesterday at a ceremony to Celebrate America’s National Parks and the Dedication of Those Who Serve. Many of the agency’s top awards were presented at the event sponsored by the National Park Service and its philanthropic partner the National Park Foundation.","{'url': 'https://www.nps.gov/nebe/learn/news/images/NEBE_WASO_IEVAwards_Judy-Roderiques-960x579.jpg', 'credit': 'NPS Photo', 'altText': 'Judy Roderiques receives her Hartzog award', 'title': '', 'description': '', 'caption': 'Ranger Denise DeLucia (left), NPS Director Chuck Sams, Volunteer Judy Roderiques, National Park Foundation President and CEO Will Shafroth (right)'}","[{'states': 'MA', 'parkCode': 'nebe', 'designation': 'National Historical Park', 'fullName': 'New Bedford Whaling National Historical Park', 'url': 'https://www.nps.gov/nebe/index.htm', 'name': 'New Bedford Whaling'}]",[],,,,2022-09-02 10:07:00.0,,2022-09-02 10:26:30.0
65,C4672930-F025-411B-889E-6BBE5D75F8AB,https://www.nps.gov/indu/learn/news/explore-all-423-national-parks-at-outdoor-adventure-festival-2022.htm,Explore all 423 National Parks at Outdoor Adventure Festival,indu,"Join Kandace and Robert Tabern on Saturday, September 10 from 7:00 pm to 8:30 pm at the Indiana Dunes Visitor Center to learn about their spectacular journey.","{'url': '', 'credit': '', 'altText': '', 'title': '', 'description': '', 'caption': ''}","[{'states': 'IN', 'parkCode': 'indu', 'designation': 'National Park', 'fullName': 'Indiana Dunes National Park', 'url': 'https://www.nps.gov/indu/index.htm', 'name': 'Indiana Dunes'}]",[],,,,2022-09-02 09:41:00.0,,2022-09-02 10:47:04.0
66,D03C73ED-EE00-4DE2-8F06-80F285A79DE1,https://www.nps.gov/chch/learn/news/clarkleeprogram2022.htm,Clark Lee and His “Service” to the Confederacy,chch,"On Saturday, September 3, at 2 pm, Chickamauga and Chattanooga National Military Park will present a digital program about the Civil War “service” of Clark Lee, a locally enslaved man who was taken to war by his enslaver, and his subsequent struggle to receive a Tennessee State Pension in the early 1920s. Two weeks later, on Saturday, September 17, at 11:30 am, the park will host an 90-minute, in-person facilitated discussion about the information provided in the recorded program. The discussion will be held at the Chickamauga Battlefield Visitor Center.","{'url': '', 'credit': '', 'altText': '', 'title': '', 'description': '', 'caption': ''}","[{'states': 'GA,TN', 'parkCode': 'chch', 'designation': 'National Military Park', 'fullName': 'Chickamauga & Chattanooga National Military Park', 'url': 'https://www.nps.gov/chch/index.htm', 'name': 'Chickamauga & Chattanooga'}]",[],,,,2022-09-02 09:14:00.0,,2022-09-03 09:17:11.0
67,8C3684A5-49C4-4C9E-86A1-24D674B0E6B6,https://www.nps.gov/indu/learn/news/help-feed-the-chellberg-farm-animals-at-the-national-park.htm,Help Feed the Chellberg Farm Animals at the National Park,indu,"INDIANA DUNES NATIONAL PARK: Come out and help a ranger feed the farm animals at the historic Chellberg Farm at Indiana Dunes National Park. Helpers are needed on Sunday, September 4, 11, 18, and 25 from 4:30 pm to 5:00 pm.","{'url': '', 'credit': '', 'altText': '', 'title': '', 'description': '', 'caption': ''}","[{'states': 'IN', 'parkCode': 'indu', 'designation': 'National Park', 'fullName': 'Indiana Dunes National Park', 'url': 'https://www.nps.gov/indu/index.htm', 'name': 'Indiana Dunes'}]",[],,,,2022-09-02 07:27:00.0,,2022-09-02 08:28:20.0
68,35F2A1FE-4EA6-47C7-9467-A21171F5E4B2,https://www.nps.gov/yell/learn/news/220613.htm,"Flood Recovery Updates: Yellowstone releases new videos and photos of ongoing road repairs to reconnect Gardiner, Montana, at North Entrance to Cooke City/Silver Gate, Montana, at Northeast Entrance with the park",yell,Yellowstone National Park released new videos and photos of the ongoing road repairs on the North and Northeast entrance roads following damage caused by the historic flood event in June.,"{'url': 'https://www.nps.gov/yell/learn/news/images/52327956760_8963f2c26a_6k.jpg', 'credit': 'NPS / Jacob W. Frank', 'altText': 'a winding paved road through a hilly landscape', 'title': '', 'description': '', 'caption': 'Old Gardiner Road (temporary road between Gardiner, Montana, and Mammoth Hot Springs) construction progress on Sept. 1, 2022.'}","[{'states': 'ID,MT,WY', 'parkCode': 'yell', 'designation': 'National Park', 'fullName': 'Yellowstone National Park', 'url': 'https://www.nps.gov/yell/index.htm', 'name': 'Yellowstone'}]",[],,,,2022-09-01 17:30:00.0,,2022-09-01 18:06:16.0
69,E6E35BA1-B9C1-4E99-A1CE-1EE2BB196594,https://www.nps.gov/yose/learn/news/yosemite-fire-update-for-september-1-2022.htm,"Yosemite FIre Update for September 1, 2022",yose,"Red Fire and Rodgers Fire, both started by lightning, continue to burn in Yosemite National Park.","{'url': 'https://www.nps.gov/yose/learn/news/images/Red-Progression-20220831.jpg', 'credit': '', 'altText': 'Maps showing progression of the Red Fire with increased growth to the northwest in recent days and the Rodgers Fire with more growth in recent days to the northeast', 'title': 'Progression maps', 'description': '', 'caption': 'Progression maps for the Red and Rodgers Fires'}","[{'states': 'CA', 'parkCode': 'yose', 'designation': 'National Park', 'fullName': 'Yosemite National Park', 'url': 'https://www.nps.gov/yose/index.htm', 'name': 'Yosemite'}]",[],,,,2022-09-01 17:27:00.0,,2022-09-01 20:44:20.0
70,AC807F66-BE80-4E62-9444-9A9439D044CA,https://www.nps.gov/deva/learn/news/aug-5-rainiest-day.htm,"August 5, 2022 recognized as rainiest day in Death Valley’s history",deva,"Death Valley National Park received 1.70 inches of rain on August 5, 2022, making this the Park's rainiest day on record. Meanwhile, some roads remain closed while repairs continue.","{'url': 'https://www.nps.gov/deva/learn/news/images/2022-08-31-Mud-Canyon-AWines-photo-3-collapsed-lane-960-pixels.jpg', 'credit': 'NPS/Abby Wines', 'altText': ""An asphalt road is a few feet above the surrounding gravel wash. The left lane's asphalt pavement is broken into large pieces and collapsed."", 'title': '2022-08-31 Mud Canyon - AWines photo (3) collapsed lane 960 pixels', 'description': '', 'caption': 'Major damage on Mud Canyon Road, 8/31/2022.'}","[{'states': 'CA,NV', 'parkCode': 'deva', 'designation': 'National Park', 'fullName': 'Death Valley National Park', 'url': 'https://www.nps.gov/deva/index.htm', 'name': 'Death Valley'}]",[],,,,2022-09-01 17:10:00.0,,2022-09-01 20:28:36.0
71,ADAA2497-8E8F-4498-B407-09BF1A5A79D4,https://www.nps.gov/meve/learn/news/mesa-verde-star-party-2022.htm,Star Party Celebrates Mesa Verde National Park’s Dark Skies,meve,"Mesa Verde National Park invites community members and park visitors to a Star Party at the Morefield Campground Amphitheater. The Star Party will be held from 7 to 9 pm on the night of Saturday, September 24th. This is National Public Lands Day, meaning that entry to the park is free all day.","{'url': '', 'credit': '', 'altText': '', 'title': '', 'description': '', 'caption': ''}","[{'states': 'CO', 'parkCode': 'meve', 'designation': 'National Park', 'fullName': 'Mesa Verde National Park', 'url': 'https://www.nps.gov/meve/index.htm', 'name': 'Mesa Verde'}]",[],,,,2022-09-01 14:30:00.0,,2022-09-02 16:31:21.0
72,9343D0DD-6B1D-43CB-927D-E60EA55DC132,https://www.nps.gov/seki/learn/news/search-for-quang-trong-than-in-kings-canyon-national-park-moving-to-limited-continuous-mode.htm,Search for Quang Trong Than in Kings Canyon National Park Moving to Limited Continuous Mode,seki,"SEQUOIA AND KINGS CANYON NATIONAL PARKS, Calif. September 1, 2022 – For the past 10 days, searches have been underway in Kings Canyon National Park and Inyo National Forest for Quang Trong Than, 66, of Newport Beach, CA. The search for Than is scaling back to limited continuous mode. This means that while searching will continue, the large number of resources and personnel that have been dedicated to this effort will be reduced. The search will remain in limited continuous mode until Than is found.","{'url': '', 'credit': '', 'altText': '', 'title': '', 'description': '', 'caption': ''}","[{'states': 'CA', 'parkCode': 'seki', 'designation': 'National Parks', 'fullName': 'Sequoia & Kings Canyon National Parks', 'url': 'https://www.nps.gov/seki/index.htm', 'name': 'Sequoia & Kings Canyon'}]",[],,,,2022-09-01 14:20:00.0,,2022-09-01 17:21:32.0
73,06CAC690-27AD-4031-8C0A-D686F2C56759,https://www.nps.gov/olym/learn/news/elklakevisitorfatality.htm,Visitor Fatality in Olympic National Park,olym,"On the evening of Aug. 30, 2022, Olympic National Park received notice of a visitor fatality that occurred at Elk Lake, a remote wilderness campsite.","{'url': '', 'credit': '', 'altText': '', 'title': '', 'description': '', 'caption': ''}","[{'states': 'WA', 'parkCode': 'olym', 'designation': 'National Park', 'fullName': 'Olympic National Park', 'url': 'https://www.nps.gov/olym/index.htm', 'name': 'Olympic'}]",[],,,,2022-09-01 14:17:00.0,,2022-09-01 17:21:17.0
74,23710489-78F0-485B-8598-774664F7D196,https://www.nps.gov/hosp/learn/news/whittington-spring-temporarily-shut-down-for-maintenance.htm,Cold Water Jug Fountains at Hot Springs National Park to Temporarily Shut Down for Maintenance,hosp,"Beginning Wednesday, September 7 and continuing through Friday, September 9, the cold spring water jug fountain located on Whittington Ave. will be temporarily out of service for maintenance upgrades.","{'url': '', 'credit': '', 'altText': '', 'title': '', 'description': '', 'caption': ''}","[{'states': 'AR', 'parkCode': 'hosp', 'designation': 'National Park', 'fullName': 'Hot Springs National Park', 'url': 'https://www.nps.gov/hosp/index.htm', 'name': 'Hot Springs'}]",[],,,,2022-09-01 13:38:00.0,,2022-09-08 09:22:17.0
75,9934A370-AD96-4555-823D-6DA8DED0DA1F,https://www.nps.gov/libi/learn/news/little-bighorn-to-move-to-cashless-fee-collection-nov-1-2022.htm,"Little Bighorn Battlefield National Monument to Move to Cashless Fee Collection by November 1, 2022",libi,"Little Bighorn Battlefield National Monument intends to move to a fully cashless fee system and only accept credit card, debit card, mobile or electronic payments for entrance and permit fees by November 1, 2022.","{'url': '', 'credit': '', 'altText': '', 'title': '', 'description': '', 'caption': ''}","[{'states': 'MT', 'parkCode': 'libi', 'designation': 'National Monument', 'fullName': 'Little Bighorn Battlefield National Monument', 'url': 'https://www.nps.gov/libi/index.htm', 'name': 'Little Bighorn Battlefield'}]",[],,,,2022-09-01 13:21:00.0,,2022-09-01 15:33:39.0
76,1CCFE195-8ED9-4C57-B08B-911F7804FF60,https://www.nps.gov/katm/learn/news/katmai-national-park-and-preserve-solicits-feedback-on-proposed-campground-fee-increases.htm,Katmai National Park and Preserve Solicits Feedback on Proposed Campground Fee Increases,katm,"Katmai National Park and Preserve is proposing a fee increase for overnight camping at its Brooks Campground for the 2023 camping season. Increased revenue from campground fees will enable the park to keep up with the rising costs of campground operations, better maintain facilities, and provide for improved compliance with the Americans with Disabilities Act (ADA) within the campground.","{'url': '', 'credit': '', 'altText': '', 'title': '', 'description': '', 'caption': ''}","[{'states': 'AK', 'parkCode': 'katm', 'designation': 'National Park & Preserve', 'fullName': 'Katmai National Park & Preserve', 'url': 'https://www.nps.gov/katm/index.htm', 'name': 'Katmai'}]",[],,,,2022-09-01 13:13:00.0,,2022-09-01 17:47:52.0
77,CFB8DF41-B767-4D61-943E-26D41F066AD4,https://www.nps.gov/zion/learn/news/road-improvements-happening-overnight-this-september-in-zion-national-park.htm,Road improvements happening overnight this September in Zion National Park,zion,"Starting Tuesday, September 6, road improvements will be occurring throughout the park. This proactive construction will assist in redefining the center line and fog lines to improve safety and overall appearance. The road work will start Tuesday evening, at the South Entrance of the park. Park visitors should expect delays and closures.","{'url': 'https://www.nps.gov/zion/learn/news/images/Raod-closure-map-night-of-9-7-and-9-8.png', 'credit': 'NPS Image', 'altText': 'Map of Road closure in red along Mt. Carmel Highway from Zion scenic drive to east park entrance, in red.', 'title': 'Map of Zion National Park highlighting access changes during night construction.', 'description': '', 'caption': 'Map of Zion National Park highlighting access changes during night construction.'}","[{'states': 'UT', 'parkCode': 'zion', 'designation': 'National Park', 'fullName': 'Zion National Park', 'url': 'https://www.nps.gov/zion/index.htm', 'name': 'Zion'}]",[],,,,2022-09-01 13:10:00.0,,2022-09-01 15:25:44.0
78,97DF1775-1B29-44CD-8B3B-14265C3B6908,https://www.nps.gov/hosp/learn/news/npld-2022.htm,Hot Springs National Park to host a trash clean-up competition to celebrate National Public Lands Day,hosp,Hot Springs National Park will host “The Battle of Downtown”- a trash cleanup competition on September 24th from 9:00 am – 2:00 pm to celebrate National Public Lands Day.,"{'url': '', 'credit': '', 'altText': '', 'title': '', 'description': '', 'caption': ''}","[{'states': 'AR', 'parkCode': 'hosp', 'designation': 'National Park', 'fullName': 'Hot Springs National Park', 'url': 'https://www.nps.gov/hosp/index.htm', 'name': 'Hot Springs'}]",[],,,,2022-09-01 12:59:00.0,,2022-09-07 14:00:58.0
79,BAF29B25-1F86-4701-A88C-36253212A9BB,https://www.nps.gov/blri/learn/news/brinegarday2022.htm,"Blue Ridge Parkway hosts Brinegar Day, Saturday, September 10",blri,Event highlights traditional Southern Appalachian folkways,"{'url': 'https://www.nps.gov/blri/learn/news/images/Brinegar-Day-News-Release.png', 'credit': 'NPS Image', 'altText': 'Visitors gather around an older brick and lumber building in a shady grove', 'title': 'Visitors to the Brinegar cabin observe the displays and architecture of the historic building', 'description': '', 'caption': 'Visitors to the Brinegar Cabin observe displays and architecture of the historic building'}","[{'states': 'NC,VA', 'parkCode': 'blri', 'designation': 'Parkway', 'fullName': 'Blue Ridge Parkway', 'url': 'https://www.nps.gov/blri/index.htm', 'name': 'Blue Ridge'}]",[],,,,2022-09-01 12:58:00.0,,2022-09-06 10:44:12.0
80,83FE9A3A-4C4B-496F-8C4E-3B3DDBADAC9D,https://www.nps.gov/gate/learn/news/welcome-50-new-citizens-at-gateway-national-recreation-area-s-sandy-hook-unit.htm,Gateway Superintendent Jen Nersesian to Welcome 50 New Citizens at Gateway National Recreation Area’s Sandy Hook Unit,gate,"Middletown, N.J.—Join Gateway National Recreation Area and U.S. Citizenship and Immigration Services staff to welcome 50 candidates become citizens at Gateway’s Sandy Hook Unit.","{'url': '', 'credit': '', 'altText': '', 'title': '', 'description': '', 'caption': ''}","[{'states': 'NY,NJ', 'parkCode': 'gate', 'designation': 'National Recreation Area', 'fullName': 'Gateway National Recreation Area', 'url': 'https://www.nps.gov/gate/index.htm', 'name': 'Gateway'}]",[],,,,2022-09-01 12:00:00.0,,2022-09-03 10:36:17.0
81,BA40974B-C576-4816-8435-E29BF2D48E6B,https://www.nps.gov/vall/learn/news/2022-10.htm,Valles Caldera Initiates General Management Plan; Launches Planning Web Page,vall,"Valles Caldera National Preserve is initiating the development of a General Management Plan, which will establish a blueprint for future operations, visitor use, and protection of park resources and values.","{'url': '', 'credit': '', 'altText': '', 'title': '', 'description': '', 'caption': ''}","[{'states': 'NM', 'parkCode': 'vall', 'designation': 'National Preserve', 'fullName': 'Valles Caldera National Preserve', 'url': 'https://www.nps.gov/vall/index.htm', 'name': 'Valles Caldera'}]",[],,,,2022-09-01 11:52:00.0,,2022-09-01 13:58:38.0
82,484F3B44-AFA5-483B-9864-9DFFCA8D9424,https://www.nps.gov/olym/learn/news/roadclosuresfall2022.htm,Fall closures make way for improvements on Hurricane Ridge Road and Obstruction Point Road,olym,"In fall 2022, a road work project at the Hurricane Ridge area of Olympic National Park will improve safety and accessibility in this heavily-visited area of the national park. Obstruction Point Road and part of Hurricane Ridge Road will be closed to the public while work is underway.","{'url': 'https://www.nps.gov/olym/learn/news/images/obstruction_point_road_august_2022-22-for-web.jpg', 'credit': 'NPS Photo / E. Goode', 'altText': 'Obstruction Point Road winds steeply up a mountain face. In the distance the Olympic Mountains rise.', 'title': 'obstruction_point_road_august_2022-22 - for web', 'description': '', 'caption': 'Obstruction Point Road, pictured here, will undergo construction in the fall of 2022.'}","[{'states': 'WA', 'parkCode': 'olym', 'designation': 'National Park', 'fullName': 'Olympic National Park', 'url': 'https://www.nps.gov/olym/index.htm', 'name': 'Olympic'}]",[],,,,2022-09-01 10:09:00.0,,2022-09-01 16:15:26.0
83,FB96AE5E-2054-4266-8464-D05F08E1A9B3,https://www.nps.gov/gwca/learn/news/announcing-prairie-day-september-10th.htm,"Announcing Prairie Day, September 10th",gwca,"Celebrating life on the Missouri prairie during the late 1800s when George Washington Carver was a child, this event including basket weaving, candle-making, Dutch-oven cooking, spinning, weaving, musical groups, junior ranger station, and more.","{'url': 'https://www.nps.gov/gwca/learn/news/images/Prairie-Day-Flier-2022.jpg', 'credit': 'NPS', 'altText': 'Photograph of two men playing music instruments outside. A photograph of a woman playing a guitar. Two women in historic period dresses at the tables. A man with a large wood hoop. A woman dresses in historic period clothing spinning wool.', 'title': 'Prairie Day 2022', 'description': '', 'caption': ''}","[{'states': 'MO', 'parkCode': 'gwca', 'designation': 'National Monument', 'fullName': 'George Washington Carver National Monument', 'url': 'https://www.nps.gov/gwca/index.htm', 'name': 'George Washington Carver'}]",[],,,,2022-09-01 09:43:00.0,,2022-09-01 11:11:35.0
84,3A1A2ED8-C062-4584-8BAC-0928260BF4CA,https://www.nps.gov/indu/learn/news/birding-hike-with-the-audubon-society-at-national-park.htm,Birding Hike with the Audubon Society at National Park,indu,"INDIANA DUNES NATIONAL PARK: Join a birding expert from the Dunes-Calumet Audubon Society on Sunday, September 4, from 9:00 am to 11:00 am, for a migration birding hiking. Meet inside the Indiana Dunes Visitor Center and carpool to the chosen birding location. No experience required. Bring binoculars and dress for the weather. ","{'url': '', 'credit': '', 'altText': '', 'title': '', 'description': '', 'caption': ''}","[{'states': 'IN', 'parkCode': 'indu', 'designation': 'National Park', 'fullName': 'Indiana Dunes National Park', 'url': 'https://www.nps.gov/indu/index.htm', 'name': 'Indiana Dunes'}]",[],,,,2022-09-01 09:38:00.0,,2022-09-01 10:41:12.0
85,0BCE2EDC-E1DE-4C1C-A043-DE4CB24CB2AA,https://www.nps.gov/seki/learn/news/labor-day-weekend-in-sequoia-and-kings-canyon-national-parks.htm,Labor Day Weekend in Sequoia and Kings Canyon National Parks,seki,"SEQUOIA AND KINGS CANYON NATIONAL PARKS, Calif. September 1, 2022 – Labor Day Weekend is the last major holiday weekend of the summer in the parks, and as such is often as busy or even busier than the Fourth of July. Visitors are strongly encouraged to plan ahead to ensure an enjoyable and safe holiday weekend.","{'url': '', 'credit': '', 'altText': '', 'title': '', 'description': '', 'caption': ''}","[{'states': 'CA', 'parkCode': 'seki', 'designation': 'National Parks', 'fullName': 'Sequoia & Kings Canyon National Parks', 'url': 'https://www.nps.gov/seki/index.htm', 'name': 'Sequoia & Kings Canyon'}]",[],,,,2022-09-01 09:33:00.0,,2022-09-01 12:37:06.0
86,422D7C05-F6EA-4690-989A-F9FEEA31E12A,https://www.nps.gov/indu/learn/news/ranger-led-history-hikes-at-the-national-park-2022.htm,Ranger-led History Hikes at the National Park,indu,"INDIANA DUNES NATIONAL PARK: Join a ranger at Indiana Dunes National Park for a hike exploring the Bailly Homestead and Cemetery along with the Chellberg Farm on Sunday, September 4 and 18 from 2:00 pm to 4:00 pm.","{'url': '', 'credit': '', 'altText': '', 'title': '', 'description': '', 'caption': ''}","[{'states': 'IN', 'parkCode': 'indu', 'designation': 'National Park', 'fullName': 'Indiana Dunes National Park', 'url': 'https://www.nps.gov/indu/index.htm', 'name': 'Indiana Dunes'}]",[],,,,2022-09-01 09:31:00.0,,2022-09-01 10:34:16.0
87,65D5AA4D-6227-459B-A99D-DA1E339CD526,https://www.nps.gov/glac/learn/news/annual-hawk-watch-event-returns-to-gnp.htm,Annual Hawk Watch Event Returns to GNP,glac,"Park biologists will teach volunteers how to identify and count migrating raptors during the event. Biologists, park staff, and volunteers will be on hand to answer questions about the integral role of raptors in our ecosystems, the risks they face, and why Glacier has started the Mount Brown Hawk Watch Program. Educators from Montana Wild Wings Recovery Center will also be on site with live raptors between 2 pm and 4 pm to provide close-up looks at some of the raptor species that migrate past Mount Brown.","{'url': '', 'credit': '', 'altText': '', 'title': '', 'description': '', 'caption': ''}","[{'states': 'MT', 'parkCode': 'glac', 'designation': 'National Park', 'fullName': 'Glacier National Park', 'url': 'https://www.nps.gov/glac/index.htm', 'name': 'Glacier'}]",[],,,,2022-09-01 08:48:00.0,,2022-09-01 11:24:46.0
88,1043C53B-EDE2-4BA3-A744-60A5C27D4036,https://www.nps.gov/biso/learn/news/local-tales-spun-from-mine-18-during-blue-heron-ghost-train.htm,Local Tales Spun From Mine-18 During Blue Heron Ghost Train,biso,Join Big South Fork National River & Recreation Area as we celebrate the time-honored tradition of storytelling in Kentucky during the 12th annual Blue Heron Ghost Train.,"{'url': 'https://www.nps.gov/biso/learn/news/images/Ghost-Train-Tipple-at-Night.jpg', 'credit': 'NPS', 'altText': 'Ghost-Train-Tipple-at-Night', 'title': 'Ghost-Train-Tipple-at-Night', 'description': '', 'caption': 'Blue Heron Ghost Train Promotional Image'}","[{'states': 'KY,TN', 'parkCode': 'biso', 'designation': 'National River & Recreation Area', 'fullName': 'Big South Fork National River & Recreation Area', 'url': 'https://www.nps.gov/biso/index.htm', 'name': 'Big South Fork'}]",[],,,,2022-08-31 19:25:00.0,,2022-08-31 19:42:27.0
89,75FBDB6F-3AD0-4F0F-BA5D-20D63677D699,https://www.nps.gov/carl/learn/news/shuttle-service-sept-oct-2022.htm,Sandburg Home begins shuttle service due to bridge closure,carl,"Due to the Front Lake bridge closure, Carl Sandburg Home National Historic Site will offer shuttle service on Thursdays, Fridays, Saturdays, and Sundays from Friday, September 2 – Sunday, October 30, 2022. The free shuttle will transport visitors from the main parking lot, on Little River Road, to the Sandburg Home and goat farm.","{'url': 'https://www.nps.gov/carl/learn/news/images/shuttle-stop-CMS.jpg', 'credit': '', 'altText': 'Blue background with clip art image of a shuttle vehicle with the words shuttle stop', 'title': 'Shuttle Stop', 'description': '', 'caption': ''}","[{'states': 'NC', 'parkCode': 'carl', 'designation': 'National Historic Site', 'fullName': 'Carl Sandburg Home National Historic Site', 'url': 'https://www.nps.gov/carl/index.htm', 'name': 'Carl Sandburg Home'}]",[],,,,2022-08-31 16:23:00.0,,2022-08-31 16:26:15.0
90,756EA233-BD86-47E8-A608-19C185124A2B,https://www.nps.gov/lavo/learn/news/lassen-volcanic-proposes-online-wilderness-permitting.htm,Lassen Volcanic Proposes Online Wilderness Permitting,lavo,Lassen Volcanic National Park is proposing to replace its paper wilderness permit system with an online registration system on Recreation.gov.,"{'url': 'https://www.nps.gov/lavo/learn/news/images/Backpackers-in-Lassen-Volcanic-National-Park.jpg', 'credit': 'NPS', 'altText': 'Backpacking hikers looking at the volcano in the background', 'title': 'Backpackers in Lassen Volcanic National Park', 'description': '', 'caption': ''}","[{'states': 'CA', 'parkCode': 'lavo', 'designation': 'National Park', 'fullName': 'Lassen Volcanic National Park', 'url': 'https://www.nps.gov/lavo/index.htm', 'name': 'Lassen Volcanic'}]",[],,,,2022-08-31 14:35:00.0,,2022-09-02 17:52:08.0
91,1F950A69-4CD7-401B-8C93-AD70F3454EC6,https://www.nps.gov/zion/learn/news/zion-national-park-prepares-for-busy-2022-labor-day-weekend.htm,Zion National Park Prepares for Busy 2022 Labor Day Weekend,zion,"Zion National Park is expecting a busy Labor Day weekend Friday, September 2 through Monday, September 5, 2022. As our nation honors American workers, many will visit Zion and other National Parks across the country. Visitors to Zion should expect some queues and congestion within the park. Those with flexible plans are encouraged to visit before Friday or after Monday to avoid crowds.","{'url': 'https://www.nps.gov/zion/learn/news/images/Memorial-Day-Bus-line-2022.jpg', 'credit': 'NPS image / Jonathan Shafer', 'altText': 'Line of visitors waits to board shuttles at Temple of Sinawava in Zion National Park. Two uniformed NPS rangers standby to direct traffic.', 'title': 'Zion National Park Memorial Day Weekend 2022', 'description': '', 'caption': 'Visitors in Zion National Park on Memorial Day Weekend 2022. People boarding the shuttle at the Temple of Sinawava.'}","[{'states': 'UT', 'parkCode': 'zion', 'designation': 'National Park', 'fullName': 'Zion National Park', 'url': 'https://www.nps.gov/zion/index.htm', 'name': 'Zion'}]",[],,,,2022-08-31 14:11:00.0,,2022-08-31 16:29:57.0
92,B1D432D1-E5F5-4672-9F51-57382FCED4EE,https://www.nps.gov/grca/learn/news/business-opportunity-announced-for-colorado-river-grca.htm,Business Opportunity Announced for Providing Guided Multi-Day Interpretive Whitewater River Trips along the Colorado River through Grand Canyon,grca,"Grand Canyon National Park Superintendent Ed Keable has announced the Prospectus Release for the 16-contracts to provide guided interpretive multi-day whitewater tours within Grand Canyon National Park, Glen Canyon National Recreation Area, and Lake Mead National Recreation Area. These tours will provide guides, boats, gear, meals and interpretation of Grand Canyon's spectacular natural and cultural resources.","{'url': 'https://www.nps.gov/grca/learn/news/images/Colorado-River-Dyer.jpg', 'credit': '', 'altText': 'Several boats rafting on the Colorado River', 'title': 'Colorado River with commercial boats', 'description': '', 'caption': 'A raft on the Colorado River (NPS Photo/L. Dyer)'}","[{'states': 'AZ', 'parkCode': 'grca', 'designation': 'National Park', 'fullName': 'Grand Canyon National Park', 'url': 'https://www.nps.gov/grca/index.htm', 'name': 'Grand Canyon'}]",[],,,,2022-08-31 13:12:00.0,,2022-08-31 23:36:39.0
93,61C9555C-3A5F-472F-AA05-F3FF7AF2D384,https://www.nps.gov/moja/learn/news/traveler-safety-alert.htm,Traveler Safety Alert for Mojave National Preserve,moja,"Recent road closures in Mojave National Preserve because of flash flooding highlight the risk of relying on mapping applications and driver-assisted technology. Mapping services may indicate that roads are open, but that may be inaccurate.","{'url': 'https://www.nps.gov/moja/learn/news/images/Front-of-tesla-with-Ranger-patrol-in-bg.png', 'credit': 'NPS Photo', 'altText': 'A red Tesla, almost completely covered in dried mud, stuck in a desert wash after recent monsoonal rains. The back passenger tire is in the air.', 'title': 'Vehicle stranded in wash at Kelbaker', 'description': '', 'caption': 'This traveler relied on a GPS guidance system, bypassed closures and hazards, and became stuck in a wash on North Kelbaker Road. The occupants were okay, but the car had to be abandoned and later towed away.'}","[{'states': 'CA', 'parkCode': 'moja', 'designation': 'National Preserve', 'fullName': 'Mojave National Preserve', 'url': 'https://www.nps.gov/moja/index.htm', 'name': 'Mojave'}]",[],,,,2022-08-31 11:51:00.0,,2022-08-31 16:10:54.0
94,18041C40-D471-4FF6-81B0-010890798D26,https://www.nps.gov/sara/learn/news/saratoga-battlefield-rehabilitation-project-continues.htm,Saratoga Battlefield rehabilitation project continues,sara,Saratoga National Historical Park announces that weekday road closure of the Tour Road will resume after Labor Day. These closures are a part of the multi-year project to rehabilitate the interpretive battlefield experience.,"{'url': '', 'credit': '', 'altText': '', 'title': '', 'description': '', 'caption': ''}","[{'states': 'NY', 'parkCode': 'sara', 'designation': 'National Historical Park', 'fullName': 'Saratoga National Historical Park', 'url': 'https://www.nps.gov/sara/index.htm', 'name': 'Saratoga'}]",[],,,,2022-08-31 11:46:00.0,,2022-08-31 11:55:13.0
95,84AA39FC-08F0-4D74-AF57-FE4CF79C275A,https://www.nps.gov/hosp/learn/news/20-sites-at-gulpha-gorge-campground-will-undergo-repairs.htm,Gulpha Gorge Campground at Hot Springs National Park Sites #35-44 to Undergo Construction,hosp,"Starting August 29th and extending through September 30th, 20 sites at Gulpha Gorge campground will be undergoing much-needed repairs. Sites #25-44 will be closed for this time period and will all be repaved, leveled, and in some cases, lengthened to accommodate larger Recreational Vehicles (RVs).","{'url': '', 'credit': '', 'altText': '', 'title': '', 'description': '', 'caption': ''}","[{'states': 'AR', 'parkCode': 'hosp', 'designation': 'National Park', 'fullName': 'Hot Springs National Park', 'url': 'https://www.nps.gov/hosp/index.htm', 'name': 'Hot Springs'}]",[],,,,2022-08-31 10:40:00.0,,2022-09-01 17:47:54.0
96,51814061-FA0C-498B-9C83-16C21308877C,https://www.nps.gov/romo/learn/news/during-elk-rut-season-annual-meadow-closures-occur-in-rocky-mountain-national-park.htm,During Elk Rut Season In Rocky Mountain National Park Annual Meadows Closures Occur,romo,"Beginning on September 1, park officials will put annual closures in place for travel on foot or horse off established roadways or designated trails from 5 p.m. to 10 a.m. ","{'url': '', 'credit': '', 'altText': '', 'title': '', 'description': '', 'caption': ''}","[{'states': 'CO', 'parkCode': 'romo', 'designation': 'National Park', 'fullName': 'Rocky Mountain National Park', 'url': 'https://www.nps.gov/romo/index.htm', 'name': 'Rocky Mountain'}]",[],,,,2022-08-31 10:08:00.0,,2022-09-04 12:11:33.0
97,F58ABBBE-2158-45EC-B712-04AD290D25D2,https://www.nps.gov/orgs/1207/abpp-big-grants-2022.htm,"National Park Service awards $489,200 to enhance visitor experiences at 26 battlefields",,"The National Park Service’s American Battlefield Protection Program (NPS ABPP) today awarded $489,200 in Battlefield Interpretation Grants to six projects that will enhance visitor experiences at more than two dozen battlefields from Massachusetts to Georgia. This grant program funds projects at eligible American Revolution, War of 1812, and Civil War battlefields and associated sites that use technology to engage audiences, expand accessibility, and promote understanding of our collective history.","{'url': 'https://www.nps.gov/orgs/1207/images/Bladensburg-Waterfront-Park.jpeg', 'credit': 'Sarah Fritz/Anacostia Trails Heritage Area', 'altText': 'A river landscape is surrounded by a forested edge and a blue sky with large, white clouds. A dock is in the foreground, with a man fishing off it. Behind the dock, people sit in a large rowboat.', 'title': 'Bladensburg Waterfront Park', 'description': '', 'caption': 'Bladensburg Waterfront Park'}",[],"[{'id': 'DA687C0C-2506-49BB-A803-910DBD755D27', 'url': 'http://www.nps.gov/orgs/1207/', 'name': 'Office of Communications'}]",,,,2022-08-31 07:57:00.0,,2022-08-31 10:47:40.0
98,4A2B76E4-740A-45E5-8D8D-6DD7DF3E380C,https://www.nps.gov/dewa/learn/news/nps_duicheckpoint_9-2-22.htm,"Park Rangers to Conduct Sobriety Check Point on Friday, September 2",dewa,"Park rangers at Delaware Water Gap National Recreation Area will conduct a sobriety check point on the Pennsylvania side of the park on Friday evening, September 2, in an effort reduce the number of impaired drivers on park roads and keep motorists safe.","{'url': '', 'credit': '', 'altText': '', 'title': '', 'description': '', 'caption': ''}","[{'states': 'NJ,PA', 'parkCode': 'dewa', 'designation': 'National Recreation Area', 'fullName': 'Delaware Water Gap National Recreation Area', 'url': 'https://www.nps.gov/dewa/index.htm', 'name': 'Delaware Water Gap'}]",[],,,,2022-08-31 07:28:00.0,,2022-08-31 07:38:14.0
99,AFA24F2E-A012-4576-B0D9-3F99E27F0771,https://www.nps.gov/whsa/learn/news/nr09312022.htm,White Sands National Park Announces Commercial Use Authorizations for Photography Workshops,whsa,"Commercial Use Authorizations (CUA) are a permitting tool used by the National Park Service (NPS) to allow private business to be conducted within a national park for a calendar year. The service a CUA holder provides must be considered appropriate by the NPS. White Sands National Park will accept applications for 2023 Photography Workshop CUAs beginning October 1, 2022.","{'url': '', 'credit': '', 'altText': '', 'title': '', 'description': '', 'caption': ''}","[{'states': 'NM', 'parkCode': 'whsa', 'designation': 'National Park', 'fullName': 'White Sands National Park', 'url': 'https://www.nps.gov/whsa/index.htm', 'name': 'White Sands'}]",[],,,,2022-08-31 05:03:00.0,,2022-08-31 11:09:36.0
